handle|title|type|variant|sku|price|compare_at|available
luminaire-design-series-ksm50|2026 Design Series Luminaire Artisan Plus Stand Mixer KSM50|Stand Mixers||5KSM50GSVABP|1249.00|1249.00|1
go-cordless-grater-slicer-shredder|Go Cordless Grater Slicer Shredder|Cordless|BLACK MATTE|5KGSLR00ABM|229.00|229.00|1
go-cordless-vacuum-sealer-without-battery|Go Cordless Vacuum Sealer Without Battery|Cordless|BLACK MATTE|5KVSHR50ABM|299.00|299.00|1
stainless-steel-3-piece-beater-set-for-tilt-head-stand-mixer-ksm5th3p|Stainless Steel 3-Piece Beater Set for Tilt Head Stand Mixer KSM5TH3PS|Stand Mixer Accessories||5KSM5TH3PSS|123.00|189.00|0
grain-and-rice-cooker|Grain and Rice Cooker|Grain & Rice Cooker|BLACK MATTE|5KGC3155ABM|499.00||1
grain-and-rice-cooker|Grain and Rice Cooker|Grain & Rice Cooker|PORCELAIN|5KGC3155APL|499.00||1
bread-bowl-with-baking-lid|Artisan Bread Bowl with Baking Lid|Stand Mixer Accessories||KSM2CB5BGS|149.00|229.00|1
pure-power-blender-with-two-personal-blending-jars|Pure Power Blender with Two Personal Blending Jars|Blenders|BLACK MATTE|5KSB2078ABM|249.00|249.00|1
pure-power-blender-with-two-personal-blending-jars|Pure Power Blender with Two Personal Blending Jars|Blenders|CHARCOAL GREY|5KSB2078ADG|249.00|249.00|1
pure-power-blender-with-two-personal-blending-jars|Pure Power Blender with Two Personal Blending Jars|Blenders|EMPIRE RED|5KSB2078AER|249.00|249.00|1
pure-power-blender-with-two-personal-blending-jars|Pure Power Blender with Two Personal Blending Jars|Blenders|PORCELAIN|5KSB2078APL|249.00|249.00|1
tilt-head-3-piece-stainless-steel-set|Stainless Steel 3-Piece Accessory Set for Tilt-Head Stand Mixers|Stand Mixer Accessories||KSMTH3PSS|123.00|189.00|1
pure-power-blender-with-personal-blending-jar|Pure Power Blender with a Personal Blending Jar|Blenders|BLACK MATTE|5KSB2079ABM|229.00|229.00|1
pure-power-blender-with-personal-blending-jar|Pure Power Blender with a Personal Blending Jar|Blenders|CHARCOAL GREY|5KSB2079ADG|229.00|229.00|1
pure-power-blender-with-personal-blending-jar|Pure Power Blender with a Personal Blending Jar|Blenders|EMPIRE RED|5KSB2079AER|229.00|229.00|1
pure-power-blender-with-personal-blending-jar|Pure Power Blender with a Personal Blending Jar|Blenders|PORCELAIN|5KSB2079APL|229.00|229.00|1
pure_power_blender_with_glass_jar|Pure Power Blender with Glass Jar|Blenders|AGAVE|5KSB2070AAG|249.00|249.00|1
pure_power_blender_with_glass_jar|Pure Power Blender with Glass Jar|Blenders|BLACK MATTE|5KSB2070ABM|249.00|249.00|1
pure_power_blender_with_glass_jar|Pure Power Blender with Glass Jar|Blenders|CARDAMON|5KSB2070ADC|249.00|249.00|1
pure_power_blender_with_glass_jar|Pure Power Blender with Glass Jar|Blenders|PORCELAIN|5KSB2070APL|249.00|249.00|1
milk-pitcher|KitchenAid Milk Pitcher|Coffee Accessories||KESMJ|29.00||1
kes8454-fully-auto-espresso-machine-kf4|KF4 Fully Automatic Espresso Machine|Coffee machine|MATTE BLACK|5KES8454ABM|1449.00|1599.00|1
kes8454-fully-auto-espresso-machine-kf4|KF4 Fully Automatic Espresso Machine|Coffee machine|PORCELAIN|5KES8454APL|1449.00|1599.00|1
kes8454-fully-auto-espresso-machine-kf4|KF4 Fully Automatic Espresso Machine|Coffee machine|CARDAMON|5KES8454ADC|1599.00|1599.00|0
kes8453-fully-auto-espresso-machine-kf3|KF3 Fully Automatic Espresso Machine|Coffee machine|PORCELAIN|5KES8453APL|1349.00|1349.00|1
kes8453-fully-auto-espresso-machine-kf3|KF3 Fully Automatic Espresso Machine|Coffee machine|MATTE BLACK|5KES8453ABM|1149.00|1349.00|1
kes8453-fully-auto-espresso-machine-kf3|KF3 Fully Automatic Espresso Machine|Coffee machine|CARDAMON|5KES8453ADC|1349.00|1349.00|0
kes8452-fully-auto-espresso-machine-kf2|KF2 Fully Automatic Espresso Machine|Coffee machine|MATTE BLACK|5KES8452ABM|899.00|1099.00|1
pure-power-blender-ksb2072-copy|Pure Power Blender with Plastic and Glass Jar Bundle|Blenders|Porcelain|KSBJA715KSB2072APL|298.00|298.00|1
pure-power-blender-ksb2072-copy|Pure Power Blender with Plastic and Glass Jar Bundle|Blenders|Black Matte|KSBJA715KSB2072ABM|298.00|298.00|1
pure-power-blender-ksb2072-copy|Pure Power Blender with Plastic and Glass Jar Bundle|Blenders|Empire Red|KSBJA715KSB2072AER|298.00|298.00|1
pure-power-blender-ksb2072-copy|Pure Power Blender with Plastic and Glass Jar Bundle|Blenders|Charcoal Grey|KSBJA715KSB2072ADG|298.00|298.00|1
kitchenaid-go-battery-5krb12a|KitchenAid Go Cordless 10.8V Battery|Cordless||5KRB12A|69.00|69.00|1
cordless-go-hand-blender-accessory-pack|Go Cordless Hand Blender Accessory Pack|||5KHBRVA3A|69.00||1
ksm50|Artisan Plus Tilt-Head Stand Mixer KSM50|Stand Mixers|Sundried Tomato|5KSM50PKVASO|999.00|1199.00|1
ksm50|Artisan Plus Tilt-Head Stand Mixer KSM50|Stand Mixers|Oat|5KSM50PKVAOC|999.00|1199.00|1
ksm50|Artisan Plus Tilt-Head Stand Mixer KSM50|Stand Mixers|Agave|5KSM50PKVAAG|999.00|1199.00|1
ksm50|Artisan Plus Tilt-Head Stand Mixer KSM50|Stand Mixers|Cast Iron Black|5KSM50PKVABK|999.00|1199.00|1
ksm50|Artisan Plus Tilt-Head Stand Mixer KSM50|Stand Mixers|Black Matte|5KSM50PKVABM|999.00|1199.00|1
ksm50|Artisan Plus Tilt-Head Stand Mixer KSM50|Stand Mixers|Cardamom|5KSM50PKVADC|999.00|1199.00|1
ksm50|Artisan Plus Tilt-Head Stand Mixer KSM50|Stand Mixers|Feathered Pink|5KSM50PKVAFT|999.00|1199.00|1
ksm50|Artisan Plus Tilt-Head Stand Mixer KSM50|Stand Mixers|Juniper|5KSM50PKVAJP|999.00|1199.00|1
ksm50|Artisan Plus Tilt-Head Stand Mixer KSM50|Stand Mixers|Porcelain|5KSM50PKVAPL|999.00|1199.00|1
ksm50|Artisan Plus Tilt-Head Stand Mixer KSM50|Stand Mixers|BLUE SALT|5KSM50PKVAOA|1199.00|1199.00|0
ksm50|Artisan Plus Tilt-Head Stand Mixer KSM50|Stand Mixers|PEBBLED PALM|5KSM50PKVAPP|1199.00|1199.00|0
ksm50|Artisan Plus Tilt-Head Stand Mixer KSM50|Stand Mixers|WILDFLOWER|5KSM50PKVAWF|1199.00|1199.00|0
ksm50|Artisan Plus Tilt-Head Stand Mixer KSM50|Stand Mixers|CHERRYTOMATO|5KSM50PKVAPA|1199.00|1199.00|0
pure-power-blender-glass-jar-accessory|Pure Power Blender Glass Jar Accessory|Blender Accessories||KSBJA71|99.00|99.00|1
ksm156-th-mixer-wildflower-ceramic-bowl|Artisan Tilt-Head Stand Mixer with Wildflower Ceramic Bowl KSM156|Stand Mixers||5KSM156CXAWF|699.00|899.00|1
ceramic-bowl-classic-columns|4.7L Ceramic Bowl Classic Columns 5KSM2CB5PCC|Stand Mixer Accessories||5KSM2CB5PCC|129.00|199.00|1
dew-drop-ceramic-bowl|4.7L Dew Drop Ceramic Bowl for Tilt-Head Stand Mixer 5KSM2CB5TDD|Stand Mixer Accessories||5KSM2CB5TDD|130.00|199.00|1
spearmint-3-piece-bowls|Spearmint 3 Piece Mixing Bowls|Stand Mixer Accessories||KQ175OSSNG|45.00|69.99|1
spearmint-measuring-cups-spoons-set|Spearmint Measuring Cups and Spoons|Stand Mixer Accessories||KHQ475OHSNG|19.00|29.99|1
4-7l-artisan-stand-mixer-2026-colour-of-the-year-spearmint-ksm195|Artisan Tilt-Head Stand Mixer - Spearmint KSM195|Stand Mixers||5KSM195PSASD|679.00|999.00|1
dough-blade-kcf0103-kcf0104|Dough Blade KCF0103/4|Cook Processor Attachments||KZDB11|149.00|149.00|1
stainless-steel-flat-beater-for-bowl-lift-ksmc7qfb|Stainless Steel Flat Beater for Bowl-Lift KSMC7QFB|Stand Mixer Accessories||KSMC7QFB|45.00|69.00|1
dough-hook-for-tilt-head-stand-mixer-k45dh|Dough Hook for Tilt-Head Stand Mixer K45DH|Stand Mixer Accessories||K45DH|19.00|29.00|1
artisan-tilt-head-stand-mixer-ksm195-ice-cream-bowl|Artisan Tilt-Head Stand Mixer KSM195 + Ice Cream Bowl Bundle|Stand Mixers|Wildflower|5KSMICM5KSM195PSAWF|824.00||1
artisan-tilt-head-stand-mixer-ksm195-ice-cream-bowl|Artisan Tilt-Head Stand Mixer KSM195 + Ice Cream Bowl Bundle|Stand Mixers|Cardamom|5KSMICM5KSM195PSADC|824.00||0
artisan-tilt-head-stand-mixer-ksm195-ice-cream-bowl|Artisan Tilt-Head Stand Mixer KSM195 + Ice Cream Bowl Bundle|Stand Mixers|Porcelain|5KSMICM5KSM195PSAPL|824.00||1
artisan-tilt-head-stand-mixer-ksm195-ice-cream-bowl|Artisan Tilt-Head Stand Mixer KSM195 + Ice Cream Bowl Bundle|Stand Mixers|Juniper|5KSMICM5KSM195PSAJP|824.00||0
artisan-tilt-head-stand-mixer-ksm195-ice-cream-bowl|Artisan Tilt-Head Stand Mixer KSM195 + Ice Cream Bowl Bundle|Stand Mixers|Mineral Water|5KSMICM5KSM195PSAMI|824.00||1
artisan-tilt-head-stand-mixer-ksm195-ice-cream-bowl|Artisan Tilt-Head Stand Mixer KSM195 + Ice Cream Bowl Bundle|Stand Mixers|Pistachio|5KSMICM5KSM195PSAPT|874.00||1
artisan-tilt-head-stand-mixer-ksm195-ice-cream-bowl|Artisan Tilt-Head Stand Mixer KSM195 + Ice Cream Bowl Bundle|Stand Mixers|Pebbled Palm|5KSMICM5KSM195PSAPP|824.00||1
artisan-tilt-head-stand-mixer-ksm195-ice-cream-bowl|Artisan Tilt-Head Stand Mixer KSM195 + Ice Cream Bowl Bundle|Stand Mixers|Almond Cream|5KSMICM5KSM195PSAAC|874.00||1
artisan-tilt-head-stand-mixer-ksm195-ice-cream-bowl|Artisan Tilt-Head Stand Mixer KSM195 + Ice Cream Bowl Bundle|Stand Mixers|Feather Pink|5KSMICM5KSM195PSAFT|824.00||1
artisan-tilt-head-stand-mixer-ksm195-ice-cream-bowl|Artisan Tilt-Head Stand Mixer KSM195 + Ice Cream Bowl Bundle|Stand Mixers|Dried Rose|5KSMICM5KSM195PSADR|824.00||0
artisan-tilt-head-stand-mixer-ksm195-ice-cream-bowl|Artisan Tilt-Head Stand Mixer KSM195 + Ice Cream Bowl Bundle|Stand Mixers|Empire Red|5KSMICM5KSM195PSAER|874.00||1
artisan-tilt-head-stand-mixer-ksm195-ice-cream-bowl|Artisan Tilt-Head Stand Mixer KSM195 + Ice Cream Bowl Bundle|Stand Mixers|Matte Black|5KSMICM5KSM195PSABM|824.00||1
artisan-tilt-head-stand-mixer-ksm195-ice-cream-bowl|Artisan Tilt-Head Stand Mixer KSM195 + Ice Cream Bowl Bundle|Stand Mixers|Milkshake|5KSMICM5KSM195PSAMH|824.00||0
artisan-tilt-head-stand-mixer-ksm195-ice-cream-bowl|Artisan Tilt-Head Stand Mixer KSM195 + Ice Cream Bowl Bundle|Stand Mixers|Candy Apple Red|5KSMICM5KSM195PSACA|824.00||0
artisan-tilt-head-stand-mixer-ksm195-ice-cream-bowl|Artisan Tilt-Head Stand Mixer KSM195 + Ice Cream Bowl Bundle|Stand Mixers|Onyx Black|5KSMICM5KSM195PSAOB|824.00||1
artisan-tilt-head-stand-mixer-ksm195-ice-cream-bowl|Artisan Tilt-Head Stand Mixer KSM195 + Ice Cream Bowl Bundle|Stand Mixers|Blue Velvet|5KSMICM5KSM195PSAVB|824.00||0
artisan-tilt-head-stand-mixer-ksm195-ice-cream-bowl|Artisan Tilt-Head Stand Mixer KSM195 + Ice Cream Bowl Bundle|Stand Mixers|White|5KSMICM5KSM195PSAWH|824.00||1
artisan-tilt-head-stand-mixer-ksm195-ice-cream-bowl|Artisan Tilt-Head Stand Mixer KSM195 + Ice Cream Bowl Bundle|Stand Mixers|Cast Iron Black|5KSMICM5KSM195PSABK|824.00||1
artisan-tilt-head-stand-mixer-ksm195-ice-cream-bowl|Artisan Tilt-Head Stand Mixer KSM195 + Ice Cream Bowl Bundle|Stand Mixers|Contour Silver|5KSMICM5KSM195PSACU|896.00|896.00|0
artisan-tilt-head-stand-mixer-ksm195-ice-cream-bowl|Artisan Tilt-Head Stand Mixer KSM195 + Ice Cream Bowl Bundle|Stand Mixers|Majestic Yellow|5KSMICM5KSM195PSAMY|895.00|895.00|0
artisan-tilt-head-stand-mixer-ksm195-3-piece-pasta-attachment-bundle|Artisan Tilt-Head Stand Mixer KSM195 + 3 Piece Pasta Attachment Bundle|Stand Mixers|Wildflower|KSMPRA5KSM195PSAWF|1038.00||0
artisan-tilt-head-stand-mixer-ksm195-3-piece-pasta-attachment-bundle|Artisan Tilt-Head Stand Mixer KSM195 + 3 Piece Pasta Attachment Bundle|Stand Mixers|Cardamom|KSMPRA5KSM195PSADC|968.00||0
artisan-tilt-head-stand-mixer-ksm195-3-piece-pasta-attachment-bundle|Artisan Tilt-Head Stand Mixer KSM195 + 3 Piece Pasta Attachment Bundle|Stand Mixers|Porcelain|KSMPRA5KSM195PSAPL|968.00||0
artisan-tilt-head-stand-mixer-ksm195-3-piece-pasta-attachment-bundle|Artisan Tilt-Head Stand Mixer KSM195 + 3 Piece Pasta Attachment Bundle|Stand Mixers|Juniper|KSMPRA5KSM195PSAJP|873.00||0
artisan-tilt-head-stand-mixer-ksm195-3-piece-pasta-attachment-bundle|Artisan Tilt-Head Stand Mixer KSM195 + 3 Piece Pasta Attachment Bundle|Stand Mixers|Mineral Water|KSMPRA5KSM195PSAMI|873.00||1
artisan-tilt-head-stand-mixer-ksm195-3-piece-pasta-attachment-bundle|Artisan Tilt-Head Stand Mixer KSM195 + 3 Piece Pasta Attachment Bundle|Stand Mixers|Pistachio|KSMPRA5KSM195PSAPT|923.00||1
artisan-tilt-head-stand-mixer-ksm195-3-piece-pasta-attachment-bundle|Artisan Tilt-Head Stand Mixer KSM195 + 3 Piece Pasta Attachment Bundle|Stand Mixers|Pebbled Palm|KSMPRA5KSM195PSAPP|873.00||1
artisan-tilt-head-stand-mixer-ksm195-3-piece-pasta-attachment-bundle|Artisan Tilt-Head Stand Mixer KSM195 + 3 Piece Pasta Attachment Bundle|Stand Mixers|Almond Cream|KSMPRA5KSM195PSAAC|923.00||1
artisan-tilt-head-stand-mixer-ksm195-3-piece-pasta-attachment-bundle|Artisan Tilt-Head Stand Mixer KSM195 + 3 Piece Pasta Attachment Bundle|Stand Mixers|Feather Pink|KSMPRA5KSM195PSAFT|873.00||1
artisan-tilt-head-stand-mixer-ksm195-3-piece-pasta-attachment-bundle|Artisan Tilt-Head Stand Mixer KSM195 + 3 Piece Pasta Attachment Bundle|Stand Mixers|Dried Rose|KSMPRA5KSM195PSADR|873.00||0
artisan-tilt-head-stand-mixer-ksm195-3-piece-pasta-attachment-bundle|Artisan Tilt-Head Stand Mixer KSM195 + 3 Piece Pasta Attachment Bundle|Stand Mixers|Empire Red|KSMPRA5KSM195PSAER|923.00||1
artisan-tilt-head-stand-mixer-ksm195-3-piece-pasta-attachment-bundle|Artisan Tilt-Head Stand Mixer KSM195 + 3 Piece Pasta Attachment Bundle|Stand Mixers|Matte Black|KSMPRA5KSM195PSABM|873.00||1
artisan-tilt-head-stand-mixer-ksm195-3-piece-pasta-attachment-bundle|Artisan Tilt-Head Stand Mixer KSM195 + 3 Piece Pasta Attachment Bundle|Stand Mixers|Milkshake|KSMPRA5KSM195PSACA|873.00||0
artisan-tilt-head-stand-mixer-ksm195-3-piece-pasta-attachment-bundle|Artisan Tilt-Head Stand Mixer KSM195 + 3 Piece Pasta Attachment Bundle|Stand Mixers|Candy Apple Red|KSMPRA5KSM195PSACA|873.00||0
artisan-tilt-head-stand-mixer-ksm195-3-piece-pasta-attachment-bundle|Artisan Tilt-Head Stand Mixer KSM195 + 3 Piece Pasta Attachment Bundle|Stand Mixers|Onyx Black|KSMPRA5KSM195PSAOB|873.00||1
artisan-tilt-head-stand-mixer-ksm195-3-piece-pasta-attachment-bundle|Artisan Tilt-Head Stand Mixer KSM195 + 3 Piece Pasta Attachment Bundle|Stand Mixers|Blue Velvet|KSMPRA5KSM195PSAVB|873.00||0
artisan-tilt-head-stand-mixer-ksm195-3-piece-pasta-attachment-bundle|Artisan Tilt-Head Stand Mixer KSM195 + 3 Piece Pasta Attachment Bundle|Stand Mixers|White|KSMPRA5KSM195PSAWH|873.00||1
artisan-tilt-head-stand-mixer-ksm195-3-piece-pasta-attachment-bundle|Artisan Tilt-Head Stand Mixer KSM195 + 3 Piece Pasta Attachment Bundle|Stand Mixers|Cast Iron Black|KSMPRA5KSM195PSABK|873.00||1
artisan-tilt-head-stand-mixer-ksm195-3-piece-pasta-attachment-bundle|Artisan Tilt-Head Stand Mixer KSM195 + 3 Piece Pasta Attachment Bundle|Stand Mixers|Contour Silver|KSMPRA5KSM195PSACU|968.00|968.00|0
artisan-tilt-head-stand-mixer-ksm195-3-piece-pasta-attachment-bundle|Artisan Tilt-Head Stand Mixer KSM195 + 3 Piece Pasta Attachment Bundle|Stand Mixers|Majestic Yellow|KSMPRA5KSM195PSAMY|958.00|958.00|0
artisan-tilt-head-stand-mixer-ksm195-ice-shave-attachment-bundle|Artisan Tilt-Head Stand Mixer KSM195 + Ice Shave Attachment Bundle|Stand Mixers|Wildflower|5KSMSIA5KSM195PSAWF|795.00||1
artisan-tilt-head-stand-mixer-ksm195-ice-shave-attachment-bundle|Artisan Tilt-Head Stand Mixer KSM195 + Ice Shave Attachment Bundle|Stand Mixers|Cardamom|5KSMSIA5KSM195PSADC|795.00||0
artisan-tilt-head-stand-mixer-ksm195-ice-shave-attachment-bundle|Artisan Tilt-Head Stand Mixer KSM195 + Ice Shave Attachment Bundle|Stand Mixers|Porcelain|5KSMSIA5KSM195PSAPL|795.00||1
artisan-tilt-head-stand-mixer-ksm195-ice-shave-attachment-bundle|Artisan Tilt-Head Stand Mixer KSM195 + Ice Shave Attachment Bundle|Stand Mixers|Juniper|5KSMSIA5KSM195PSAJP|795.00||0
artisan-tilt-head-stand-mixer-ksm195-ice-shave-attachment-bundle|Artisan Tilt-Head Stand Mixer KSM195 + Ice Shave Attachment Bundle|Stand Mixers|Mineral Water|5KSMSIA5KSM195PSAMI|795.00||1
artisan-tilt-head-stand-mixer-ksm195-ice-shave-attachment-bundle|Artisan Tilt-Head Stand Mixer KSM195 + Ice Shave Attachment Bundle|Stand Mixers|Pistachio|5KSMSIA5KSM195PSAPT|845.00||1
artisan-tilt-head-stand-mixer-ksm195-ice-shave-attachment-bundle|Artisan Tilt-Head Stand Mixer KSM195 + Ice Shave Attachment Bundle|Stand Mixers|Pebbled Palm|5KSMSIA5KSM195PSAPP|795.00||1
artisan-tilt-head-stand-mixer-ksm195-ice-shave-attachment-bundle|Artisan Tilt-Head Stand Mixer KSM195 + Ice Shave Attachment Bundle|Stand Mixers|Almond Cream|5KSMSIA5KSM195PSAAC|845.00||1
artisan-tilt-head-stand-mixer-ksm195-ice-shave-attachment-bundle|Artisan Tilt-Head Stand Mixer KSM195 + Ice Shave Attachment Bundle|Stand Mixers|Feather Pink|5KSMSIA5KSM195PSAFT|795.00||1
artisan-tilt-head-stand-mixer-ksm195-ice-shave-attachment-bundle|Artisan Tilt-Head Stand Mixer KSM195 + Ice Shave Attachment Bundle|Stand Mixers|Dried Rose|5KSMSIA5KSM195PSADR|795.00||0
artisan-tilt-head-stand-mixer-ksm195-ice-shave-attachment-bundle|Artisan Tilt-Head Stand Mixer KSM195 + Ice Shave Attachment Bundle|Stand Mixers|Empire Red|5KSMSIA5KSM195PSAER|845.00||1
artisan-tilt-head-stand-mixer-ksm195-ice-shave-attachment-bundle|Artisan Tilt-Head Stand Mixer KSM195 + Ice Shave Attachment Bundle|Stand Mixers|Matte Black|5KSMSIA5KSM195PSABM|795.00||1
artisan-tilt-head-stand-mixer-ksm195-ice-shave-attachment-bundle|Artisan Tilt-Head Stand Mixer KSM195 + Ice Shave Attachment Bundle|Stand Mixers|Milkshake|5KSMSIA5KSM195PSAMH|795.00||0
artisan-tilt-head-stand-mixer-ksm195-ice-shave-attachment-bundle|Artisan Tilt-Head Stand Mixer KSM195 + Ice Shave Attachment Bundle|Stand Mixers|Candy Apple Red|5KSMSIA5KSM195PSACA|795.00||0
artisan-tilt-head-stand-mixer-ksm195-ice-shave-attachment-bundle|Artisan Tilt-Head Stand Mixer KSM195 + Ice Shave Attachment Bundle|Stand Mixers|Onyx Black|5KSMSIA5KSM195PSAOB|795.00||1
artisan-tilt-head-stand-mixer-ksm195-ice-shave-attachment-bundle|Artisan Tilt-Head Stand Mixer KSM195 + Ice Shave Attachment Bundle|Stand Mixers|Blue Velvet|5KSMSIA5KSM195PSAVB|795.00||0
artisan-tilt-head-stand-mixer-ksm195-ice-shave-attachment-bundle|Artisan Tilt-Head Stand Mixer KSM195 + Ice Shave Attachment Bundle|Stand Mixers|White|5KSMSIAKSM195PSAWH|795.00||1
artisan-tilt-head-stand-mixer-ksm195-ice-shave-attachment-bundle|Artisan Tilt-Head Stand Mixer KSM195 + Ice Shave Attachment Bundle|Stand Mixers|Cast Iron Black|5KSMSIA5KSM195PSABK|795.00||1
artisan-tilt-head-stand-mixer-ksm195-ice-shave-attachment-bundle|Artisan Tilt-Head Stand Mixer KSM195 + Ice Shave Attachment Bundle|Stand Mixers|Contour Silver|5KSMSIA5KSM195PSACU|872.00|872.00|0
artisan-tilt-head-stand-mixer-ksm195-ice-shave-attachment-bundle|Artisan Tilt-Head Stand Mixer KSM195 + Ice Shave Attachment Bundle|Stand Mixers|Majestic Yellow|5KSMSIA5KSM195PSAMY|874.00|874.00|0
walnut-wood-stand-mixer-semi-auto-espresso-machine-and-walnut-wood-espresso-accessories-bundle|The Ultimate Walnut Wood Bundle|Stand Mixers||5KSM156WBAPLKESWAS5KES6551APL|1867.00||1
4-8l-kitchenaid-artisan-stand-mixer-ksm150|4.7L Artisan Stand Mixer KSM150|Stand Mixers|Matte Black|5KSM150PSABM|699.00|849.00|1
4-8l-kitchenaid-artisan-stand-mixer-ksm150|4.7L Artisan Stand Mixer KSM150|Stand Mixers|Almond Cream|5KSM150PSAAC|699.00|849.00|1
4-8l-kitchenaid-artisan-stand-mixer-ksm150|4.7L Artisan Stand Mixer KSM150|Stand Mixers|Onyx Black|5KSM150PSAOB|849.00|849.00|0
4-8l-kitchenaid-artisan-stand-mixer-ksm150|4.7L Artisan Stand Mixer KSM150|Stand Mixers|Contour Silver|5KSM150PSACU|849.00|849.00|0
4-8l-kitchenaid-artisan-stand-mixer-ksm150|4.7L Artisan Stand Mixer KSM150|Stand Mixers|White|5KSM150PSAWH|849.00|849.00|0
4-8l-kitchenaid-artisan-stand-mixer-ksm150|4.7L Artisan Stand Mixer KSM150|Stand Mixers|Blue Velvet|5KSM150PSAVB|849.00|849.00|0
4-8l-kitchenaid-artisan-stand-mixer-ksm150|4.7L Artisan Stand Mixer KSM150|Stand Mixers|COBALT BLUE|5KSM150PSABU|849.00|849.00|0
4-8l-kitchenaid-artisan-stand-mixer-ksm150|4.7L Artisan Stand Mixer KSM150|Stand Mixers|BLUE WILLOW|5KSM150PSABW|849.00|849.00|0
4-8l-kitchenaid-artisan-stand-mixer-ksm150|4.7L Artisan Stand Mixer KSM150|Stand Mixers|BOYSENBERRY|5KSM150PSABY|849.00|849.00|0
4-8l-kitchenaid-artisan-stand-mixer-ksm150|4.7L Artisan Stand Mixer KSM150|Stand Mixers|SATIN COPPER|5KSM150PSACP|849.00|849.00|0
4-8l-kitchenaid-artisan-stand-mixer-ksm150|4.7L Artisan Stand Mixer KSM150|Stand Mixers|CHROME|5KSM150PSACR|849.00|849.00|0
4-8l-kitchenaid-artisan-stand-mixer-ksm150|4.7L Artisan Stand Mixer KSM150|Stand Mixers|CAVIAR|5KSM150PSACV|849.00|849.00|0
4-8l-kitchenaid-artisan-stand-mixer-ksm150|4.7L Artisan Stand Mixer KSM150|Stand Mixers|Empire Red|5KSM150PSAER|699.00|849.00|1
4-8l-kitchenaid-artisan-stand-mixer-ksm150|4.7L Artisan Stand Mixer KSM150|Stand Mixers|ESPRESSO|5KSM150PSAES|849.00|849.00|0
4-8l-kitchenaid-artisan-stand-mixer-ksm150|4.7L Artisan Stand Mixer KSM150|Stand Mixers|APPLEGREEN|5KSM150PSAGA|849.00|849.00|0
4-8l-kitchenaid-artisan-stand-mixer-ksm150|4.7L Artisan Stand Mixer KSM150|Stand Mixers|CINNAMON|5KSM150PSAGC|849.00|849.00|0
4-8l-kitchenaid-artisan-stand-mixer-ksm150|4.7L Artisan Stand Mixer KSM150|Stand Mixers|IMPERIAL GREY|5KSM150PSAGR|849.00|849.00|0
4-8l-kitchenaid-artisan-stand-mixer-ksm150|4.7L Artisan Stand Mixer KSM150|Stand Mixers|ICE|5KSM150PSAIC|849.00|849.00|0
4-8l-kitchenaid-artisan-stand-mixer-ksm150|4.7L Artisan Stand Mixer KSM150|Stand Mixers|METALLIC SILVER|5KSM150PSAMC|849.00|849.00|0
4-8l-kitchenaid-artisan-stand-mixer-ksm150|4.7L Artisan Stand Mixer KSM150|Stand Mixers|MILKSHAKE|5KSM150PSAMH|849.00|849.00|0
4-8l-kitchenaid-artisan-stand-mixer-ksm150|4.7L Artisan Stand Mixer KSM150|Stand Mixers|YELLOW|5KSM150PSAMY|849.00|849.00|0
4-8l-kitchenaid-artisan-stand-mixer-ksm150|4.7L Artisan Stand Mixer KSM150|Stand Mixers|BRUSHED NICKEL|5KSM150PSANK|849.00|849.00|0
4-8l-kitchenaid-artisan-stand-mixer-ksm150|4.7L Artisan Stand Mixer KSM150|Stand Mixers|PINK|5KSM150PSAPK|849.00|849.00|0
4-8l-kitchenaid-artisan-stand-mixer-ksm150|4.7L Artisan Stand Mixer KSM150|Stand Mixers|PEARL METALLIC|5KSM150PSAPM|849.00|849.00|0
4-8l-kitchenaid-artisan-stand-mixer-ksm150|4.7L Artisan Stand Mixer KSM150|Stand Mixers|PISTACHIO|5KSM150PSAPT|849.00|849.00|0
4-8l-kitchenaid-artisan-stand-mixer-ksm150|4.7L Artisan Stand Mixer KSM150|Stand Mixers|TANGERINE|5KSM150PSATG|2199.00|2199.00|0
4-8l-kitchenaid-artisan-stand-mixer-ksm150|4.7L Artisan Stand Mixer KSM150|Stand Mixers|YELLOW PEPPER|5KSM150PSAYP|2199.00|2199.00|0
semi-automatic-espresso-machine-walnut-wood-accessories-bundle|Semi Automatic Espresso Machine & Walnut Wood Accessories Bundle|Coffee machine|Porcelain|KESWAS5KES6551APL|1068.00||1
semi-automatic-espresso-machine-walnut-wood-accessories-bundle|Semi Automatic Espresso Machine & Walnut Wood Accessories Bundle|Coffee machine|Juniper|KESWAS5KES6551AJP|1068.00||1
semi-automatic-espresso-machine-walnut-wood-accessories-bundle|Semi Automatic Espresso Machine & Walnut Wood Accessories Bundle|Coffee machine|Cast Iron Black|KESWAS5KES6551ABK|1068.00||1
semi-automatic-espresso-machine-walnut-wood-accessories-bundle|Semi Automatic Espresso Machine & Walnut Wood Accessories Bundle|Coffee machine|Stainless Steel|KESWAS5KES6551ASX|968.00||1
semi-automatic-espresso-machine-walnut-wood-accessories-bundle|Semi Automatic Espresso Machine & Walnut Wood Accessories Bundle|Coffee machine|Candy Apple|KESWAS5KES6551ACA|1068.00||1
walnut-wood-espresso-accessory-kit|Walnut Wood Espresso Accessory Kit|Coffee Accessories||KESWAS|269.00|349.00|1
cast-iron-round-casserole-22cm-3-3l|Cast Iron Casserole Dish 22cm/3.3L|||CC004899-001|279.95||1
pie-dish-black-stoneware-29cm|Stoneware Pie Dish 29cm|||CC004971-001|49.95||1
2pc-oven-mitts|Oven Mitts|||CC005143-001|39.95||1
large-baker-black-stoneware-3-25l-no-lid|Large Stoneware Baker Dish 3.25L|||CC008407-001|79.95||0
artisan-stand-mixer-walnut-wood-bowl-ksm156|Artisan Tilt-Head Stand Mixer with Walnut Wood Bowl KSM156|Stand Mixers||5KSM156WBAPL|799.00|1049.00|1
silent-silver-flat-beater-for-mixer|Flat Beater for Tilt Head Stand Mixer Silver Coated K5THBS|Stand Mixer Accessories||K5THBS|39.00|39.00|1
dough-hook-silent-silver-ksm195-192|Dough Hook for Tilt Head Stand Mixer Silver Coated K5THDHS|Stand Mixer Accessories||K5THDHS|39.00|39.00|1
cordless-go-personal-blender-jar-accessory|Cordless Go Personal Blender Jar Accessory|Blender Accessories||5KSBRJA16ABM|39.00|39.00|1
classic-variable-speed-hand-blender-khbv53-and-classic-5-speed-hand-mixer-khm5110|Classic Hand Blender KHBV53 and Classic Hand Mixer KHM5110 Bundle|Hand Blender|Matte Black|KHBV53KHM5110BM|238.00||1
artisan-tilt-head-stand-mixer-ksm192-ice-cream-bowl-bundle|Artisan Tilt-Head Stand Mixer KSM192 + Ice Cream Bowl Bundle|Stand Mixers|Lavender Cream|5KSMICM5KSM192XDALR|794.00||0
artisan-tilt-head-stand-mixer-ksm192-ice-cream-bowl-bundle|Artisan Tilt-Head Stand Mixer KSM192 + Ice Cream Bowl Bundle|Stand Mixers|Dried Rose|5KSMICM5KSM192XDADR|794.00||1
artisan-tilt-head-stand-mixer-ksm192-ice-cream-bowl-bundle|Artisan Tilt-Head Stand Mixer KSM192 + Ice Cream Bowl Bundle|Stand Mixers|Milkshake|5KSMICM5KSM192XDAMH|794.00||1
artisan-tilt-head-stand-mixer-ksm192-ice-cream-bowl-bundle|Artisan Tilt-Head Stand Mixer KSM192 + Ice Cream Bowl Bundle|Stand Mixers|Agave|5KSMICM5KSM192XDAAG|844.00||1
artisan-tilt-head-stand-mixer-ksm192-ice-cream-bowl-bundle|Artisan Tilt-Head Stand Mixer KSM192 + Ice Cream Bowl Bundle|Stand Mixers|Majestic Yellow|5KSMICM5KSM192XDAMY|794.00||0
artisan-tilt-head-stand-mixer-ksm192-ice-cream-bowl-bundle|Artisan Tilt-Head Stand Mixer KSM192 + Ice Cream Bowl Bundle|Stand Mixers|Bird Of Paradise|5KSMICM5KSM192XDAPH|795.00|795.00|0
artisan-tilt-head-stand-mixer-ksm192-ice-cream-bowl-bundle|Artisan Tilt-Head Stand Mixer KSM192 + Ice Cream Bowl Bundle|Stand Mixers|Pistachio|5KSMICM5KSM192XDAPT|744.00||1
artisan-tilt-head-stand-mixer-ksm192-ice-cream-bowl-bundle|Artisan Tilt-Head Stand Mixer KSM192 + Ice Cream Bowl Bundle|Stand Mixers|Blue Velvet|5KSMICM5KSM192XDAVB|794.00||1
artisan-tilt-head-stand-mixer-ksm192-ice-cream-bowl-bundle|Artisan Tilt-Head Stand Mixer KSM192 + Ice Cream Bowl Bundle|Stand Mixers|Mineral Water|5KSMICM5KSM192XDAMI|794.00||1
artisan-tilt-head-stand-mixer-ksm192-ice-cream-bowl-bundle|Artisan Tilt-Head Stand Mixer KSM192 + Ice Cream Bowl Bundle|Stand Mixers|Black Matte|5KSMICM5KSM192XDABM|744.00||1
artisan-tilt-head-stand-mixer-ksm192-ice-cream-bowl-bundle|Artisan Tilt-Head Stand Mixer KSM192 + Ice Cream Bowl Bundle|Stand Mixers|Contour Silver|5KSMICM5KSM192XDACU|794.00||1
artisan-tilt-head-stand-mixer-ksm192-ice-cream-bowl-bundle|Artisan Tilt-Head Stand Mixer KSM192 + Ice Cream Bowl Bundle|Stand Mixers|Empire Red|5KSMICM5KSM192XDAER|744.00||1
artisan-tilt-head-stand-mixer-ksm192-ice-cream-bowl-bundle|Artisan Tilt-Head Stand Mixer KSM192 + Ice Cream Bowl Bundle|Stand Mixers|Honey|5KSMICM5KSM192XDAHY|794.00||1
artisan-tilt-head-stand-mixer-ksm192-ice-cream-bowl-bundle|Artisan Tilt-Head Stand Mixer KSM192 + Ice Cream Bowl Bundle|Stand Mixers|Kyoto Glow|5KSMICM5KSM192XDAKG|794.00||1
artisan-tilt-head-stand-mixer-ksm192-ice-cream-bowl-bundle|Artisan Tilt-Head Stand Mixer KSM192 + Ice Cream Bowl Bundle|Stand Mixers|Onyx Black|5KSMICM5KSM192XDAOB|794.00||1
artisan-tilt-head-stand-mixer-ksm192-ice-cream-bowl-bundle|Artisan Tilt-Head Stand Mixer KSM192 + Ice Cream Bowl Bundle|Stand Mixers|White|5KSMICM5KSM192XDAWH|794.00||1
artisan-tilt-head-stand-mixer-ksm192-ice-cream-bowl-bundle|Artisan Tilt-Head Stand Mixer KSM192 + Ice Cream Bowl Bundle|Stand Mixers|Almond Cream|5KSMICM5KSM192XDAAC|794.00||1
artisan-tilt-head-stand-mixer-ksm192-metal-food-grinder-attachment|Artisan Tilt-Head Stand Mixer KSM192 + Metal Food Grinder Attachment B|Stand Mixers|Dried Rose|5KSMMGAA5KSM192XDADR|808.00||1
artisan-tilt-head-stand-mixer-ksm192-metal-food-grinder-attachment|Artisan Tilt-Head Stand Mixer KSM192 + Metal Food Grinder Attachment B|Stand Mixers|Milkshake|5KSMMGAA5KSM192XDAMH|808.00||1
artisan-tilt-head-stand-mixer-ksm192-metal-food-grinder-attachment|Artisan Tilt-Head Stand Mixer KSM192 + Metal Food Grinder Attachment B|Stand Mixers|Agave|5KSMMGAA5KSM192XDAAG|858.00||1
artisan-tilt-head-stand-mixer-ksm192-metal-food-grinder-attachment|Artisan Tilt-Head Stand Mixer KSM192 + Metal Food Grinder Attachment B|Stand Mixers|Majestic Yellow|5KSMMGAA5KSM192XDAMY|808.00||0
artisan-tilt-head-stand-mixer-ksm192-metal-food-grinder-attachment|Artisan Tilt-Head Stand Mixer KSM192 + Metal Food Grinder Attachment B|Stand Mixers|Bird Of Paradise|5KSMMGAA5KSM192XDAPH|809.00|809.00|0
artisan-tilt-head-stand-mixer-ksm192-metal-food-grinder-attachment|Artisan Tilt-Head Stand Mixer KSM192 + Metal Food Grinder Attachment B|Stand Mixers|Pistachio|5KSMMGAA5KSM192XDAPT|758.00||1
artisan-tilt-head-stand-mixer-ksm192-metal-food-grinder-attachment|Artisan Tilt-Head Stand Mixer KSM192 + Metal Food Grinder Attachment B|Stand Mixers|Lavender Cream|5KSMMGAA5KSM192XDALR|808.00||0
artisan-tilt-head-stand-mixer-ksm192-metal-food-grinder-attachment|Artisan Tilt-Head Stand Mixer KSM192 + Metal Food Grinder Attachment B|Stand Mixers|Blue Velvet|5KSMMGAA5KSM192XDAVB|808.00||1
artisan-tilt-head-stand-mixer-ksm192-metal-food-grinder-attachment|Artisan Tilt-Head Stand Mixer KSM192 + Metal Food Grinder Attachment B|Stand Mixers|Mineral Water|5KSMMGAA5KSM192XDAMI|808.00||1
artisan-tilt-head-stand-mixer-ksm192-metal-food-grinder-attachment|Artisan Tilt-Head Stand Mixer KSM192 + Metal Food Grinder Attachment B|Stand Mixers|Black Matte|5KSMMGAA5KSM192XDABM|758.00||1
artisan-tilt-head-stand-mixer-ksm192-metal-food-grinder-attachment|Artisan Tilt-Head Stand Mixer KSM192 + Metal Food Grinder Attachment B|Stand Mixers|Contour Silver|5KSMMGAA5KSM192XDACU|808.00||1
artisan-tilt-head-stand-mixer-ksm192-metal-food-grinder-attachment|Artisan Tilt-Head Stand Mixer KSM192 + Metal Food Grinder Attachment B|Stand Mixers|Empire Red|5KSMMGAA5KSM192XDAER|758.00||1
artisan-tilt-head-stand-mixer-ksm192-metal-food-grinder-attachment|Artisan Tilt-Head Stand Mixer KSM192 + Metal Food Grinder Attachment B|Stand Mixers|Honey|5KSMMGAA5KSM192XDAHY|808.00||1
artisan-tilt-head-stand-mixer-ksm192-metal-food-grinder-attachment|Artisan Tilt-Head Stand Mixer KSM192 + Metal Food Grinder Attachment B|Stand Mixers|Kyoto Glow|5KSMMGAA5KSM192XDAKG|808.00||1
artisan-tilt-head-stand-mixer-ksm192-metal-food-grinder-attachment|Artisan Tilt-Head Stand Mixer KSM192 + Metal Food Grinder Attachment B|Stand Mixers|Onyx Black|5KSMMGAA5KSM192XDAOB|808.00||1
artisan-tilt-head-stand-mixer-ksm192-metal-food-grinder-attachment|Artisan Tilt-Head Stand Mixer KSM192 + Metal Food Grinder Attachment B|Stand Mixers|White|5KSMMGAA5KSM192XDAWH|808.00||1
artisan-tilt-head-stand-mixer-ksm192-metal-food-grinder-attachment|Artisan Tilt-Head Stand Mixer KSM192 + Metal Food Grinder Attachment B|Stand Mixers|Almond Cream|5KSMMGAA5KSM192XDAAC|808.00||1
ksb2072-pure-power-blender|Pure Power Blender with Plastic Jar|Blenders|Porcelain|5KSB2072APL|199.00|199.00|1
ksb2072-pure-power-blender|Pure Power Blender with Plastic Jar|Blenders|Black Matte|5KSB2072ABM|199.00|199.00|1
ksb2072-pure-power-blender|Pure Power Blender with Plastic Jar|Blenders|Empire Red|5KSB2072AER|199.00|199.00|1
ksb2072-pure-power-blender|Pure Power Blender with Plastic Jar|Blenders|Charcoal Grey|5KSB2072ADG|199.00|199.00|1
stainless-steel-wire-whisk-for-tilt-head-stand-mixer-ksm5thww|Stainless Steel Wire Whisk for Tilt Head Stand Mixer KSM5THWW|Stand Mixer Accessories||5KSM5THWWSS|45.00|69.00|0
2-pack-bowl-cover-for-4-8l-bowl-stand-mixer-kbc90n|2 Pack Bowl Cover for 4.8L Bowl Stand Mixer KBC90N|Stand Mixer Accessories||KBC90N|19.00|19.00|1
cordless-go-top-down-chopper-bowl-lid|Cordless Go Top Down Chopper Bowl + Lid|Food Processor Accessories||5KTCRBA35A|39.00|39.00|1
s-s-w-whisk-ksm7581-90-ksmc895|Stainless Steel Wire Whisk for Bowl-Lift KSM70 / KSMC895|Stand Mixer Accessories||KN211WW|45.00|69.00|1
ksm192-stand-mixer-3-piece-pasta-attachment|Artisan Tilt-Head Stand Mixer KSM192 + 3 Piece Pasta Attachment Bundle|Stand Mixers|Dried Rose|KSMPRA5KSM192XDADR|843.00||1
ksm192-stand-mixer-3-piece-pasta-attachment|Artisan Tilt-Head Stand Mixer KSM192 + 3 Piece Pasta Attachment Bundle|Stand Mixers|Milkshake|KSMPRA5KSM192XDAMH|843.00||1
ksm192-stand-mixer-3-piece-pasta-attachment|Artisan Tilt-Head Stand Mixer KSM192 + 3 Piece Pasta Attachment Bundle|Stand Mixers|Agave|KSMPRA5KSM192XDAAG|893.00||1
ksm192-stand-mixer-3-piece-pasta-attachment|Artisan Tilt-Head Stand Mixer KSM192 + 3 Piece Pasta Attachment Bundle|Stand Mixers|Majestic Yellow|KSMPRA5KSM192XDAMY|843.00||0
ksm192-stand-mixer-3-piece-pasta-attachment|Artisan Tilt-Head Stand Mixer KSM192 + 3 Piece Pasta Attachment Bundle|Stand Mixers|Pistachio|KSMPRA5KSM192XDAPT|793.00||1
ksm192-stand-mixer-3-piece-pasta-attachment|Artisan Tilt-Head Stand Mixer KSM192 + 3 Piece Pasta Attachment Bundle|Stand Mixers|Bird Of Paradise|KSMPRA5KSM192XDAPH|858.00|858.00|0
ksm192-stand-mixer-3-piece-pasta-attachment|Artisan Tilt-Head Stand Mixer KSM192 + 3 Piece Pasta Attachment Bundle|Stand Mixers|Lavender Cream|KSMPRA5KSM192XDALR|843.00||0
ksm192-stand-mixer-3-piece-pasta-attachment|Artisan Tilt-Head Stand Mixer KSM192 + 3 Piece Pasta Attachment Bundle|Stand Mixers|Blue Velvet|KSMPRA5KSM192XDAVB|843.00||1
ksm192-stand-mixer-3-piece-pasta-attachment|Artisan Tilt-Head Stand Mixer KSM192 + 3 Piece Pasta Attachment Bundle|Stand Mixers|Mineral Water|KSMPRA5KSM192XDAMI|843.00||1
ksm192-stand-mixer-3-piece-pasta-attachment|Artisan Tilt-Head Stand Mixer KSM192 + 3 Piece Pasta Attachment Bundle|Stand Mixers|Black Matte|KSMPRA5KSM192XDABM|793.00||1
ksm192-stand-mixer-3-piece-pasta-attachment|Artisan Tilt-Head Stand Mixer KSM192 + 3 Piece Pasta Attachment Bundle|Stand Mixers|Contour Silver|KSMPRA5KSM192XDACU|843.00||1
ksm192-stand-mixer-3-piece-pasta-attachment|Artisan Tilt-Head Stand Mixer KSM192 + 3 Piece Pasta Attachment Bundle|Stand Mixers|Empire Red|KSMPRA5KSM192XDAER|793.00||1
ksm192-stand-mixer-3-piece-pasta-attachment|Artisan Tilt-Head Stand Mixer KSM192 + 3 Piece Pasta Attachment Bundle|Stand Mixers|Honey|KSMPRA5KSM192XDAHY|843.00||1
ksm192-stand-mixer-3-piece-pasta-attachment|Artisan Tilt-Head Stand Mixer KSM192 + 3 Piece Pasta Attachment Bundle|Stand Mixers|Kyoto Glow|KSMPRA5KSM192XDAKG|843.00||1
ksm192-stand-mixer-3-piece-pasta-attachment|Artisan Tilt-Head Stand Mixer KSM192 + 3 Piece Pasta Attachment Bundle|Stand Mixers|Onyx Black|KSMPRA5KSM192XDAOB|843.00||1
ksm192-stand-mixer-3-piece-pasta-attachment|Artisan Tilt-Head Stand Mixer KSM192 + 3 Piece Pasta Attachment Bundle|Stand Mixers|White|KSMPRA5KSM192XDAWH|843.00||1
ksm192-stand-mixer-3-piece-pasta-attachment|Artisan Tilt-Head Stand Mixer KSM192 + 3 Piece Pasta Attachment Bundle|Stand Mixers|Almond Cream|KSMPRA5KSM192XDAAC|843.00||1
k400-blender-personal-blending-jar|K400 Blender +  Personal Blending Jar|Blenders|Almond Cream|KSB2030PJB5KSB4028AAC|498.00||1
k400-blender-personal-blending-jar|K400 Blender +  Personal Blending Jar|Blenders|Black Matte|KSB2030PJB5KSB4028ABM|498.00||1
k400-blender-personal-blending-jar|K400 Blender +  Personal Blending Jar|Blenders|Contour Silver|KSB2030PJB5KSB4028ACU|498.00||1
k400-blender-personal-blending-jar|K400 Blender +  Personal Blending Jar|Blenders|Dried Rose|KSB2030PJB5KSB40285DR|498.00||1
k400-blender-personal-blending-jar|K400 Blender +  Personal Blending Jar|Blenders|Empire Red|KSB2030PJB5KSB40285ER|498.00||1
k400-blender-personal-blending-jar|K400 Blender +  Personal Blending Jar|Blenders|Onyx Black|KSB2030PJB5KSB40285OB|498.00||1
k400-blender-personal-blending-jar|K400 Blender +  Personal Blending Jar|Blenders|Pistachio|KSB2030PJB5KSB40285PT|498.00||1
3-piece-pasta-ice-cream-bowl|The Dinner and Dessert Bundle|Stand Mixer Attachments||KSMPRA5KSMICM|339.00||1
cordless-hand-blender-with-battery-kitchenaid-go-bundle|KitchenAid Go Cordless Hand Blender With Battery|Hand Blender|Porcelain|5KHBRV71APL|268.00|268.00|1
cordless-hand-blender-with-battery-kitchenaid-go-bundle|KitchenAid Go Cordless Hand Blender With Battery|Hand Blender|Black Matte|5KHBRV71ABM|268.00|268.00|1
4-3l-stainless-steel-bowl-for-classic-stand-mixer-k45sbwh|4.3L Stainless Steel Bowl for Tilt Head Stand Mixer K45SBWH|Stand Mixer Accessories||K45SBWH|39.00|39.00|1
stainless-steel-dough-hook-for-tilt-head-stand-mixer-ksm5thdh|Stainless Steel Dough Hook for Tilt Head Stand Mixer KSM5THDH|Stand Mixer Accessories||5KSM5THDHSS|45.00|69.00|0
flex-edge-beater-for-tilt-head-stand-mixer-kfe5t|Flex Edge Beater for Tilt-Head Stand Mixer KFE5T|Stand Mixer Accessories||KFE5T|58.00|89.00|1
kitchenaid-go-cordless-citrus-juicer-with-battery|KitchenAid Go Cordless Citrus Juicer With Battery|Juicer||5KCJR160A5KRB12ABM|228.00|228.00|1
cordless-citrus-juicer-without-battery-kitchenaid-go|KitchenAid Go Cordless Citrus Juicer Without Battery|Juicer||5KCJR160ABM|159.00|159.00|1
kitchenaid-go-cordless-top-down-chopper-without-battery|KitchenAid Go Cordless Top Down Chopper Without Battery|Food Processors||5KTCR350ABM|129.00|129.00|1
kitchenaid-go-cordless-top-down-chopper-with-battery|KitchenAid Go Cordless Top Down Chopper With Battery|Food Processors||5KTCR350ABM5KRB12A|198.00|198.00|1
k400-variable-speed-blender-ksb4028|K400 Variable Speed Blender KSB4028|Blenders|Pistachio|5KSB4028APT|399.00|499.00|1
k400-variable-speed-blender-ksb4028|K400 Variable Speed Blender KSB4028|Blenders|Black Matte|5KSB4028ABM|399.00|499.00|1
k400-variable-speed-blender-ksb4028|K400 Variable Speed Blender KSB4028|Blenders|Almond Cream|5KSB4028AAC|399.00|499.00|1
k400-variable-speed-blender-ksb4028|K400 Variable Speed Blender KSB4028|Blenders|Dried Rose|5KSB4028ADR|399.00|499.00|1
k400-variable-speed-blender-ksb4028|K400 Variable Speed Blender KSB4028|Blenders|Contour Silver|5KSB4028ACU|399.00|499.00|1
k400-variable-speed-blender-ksb4028|K400 Variable Speed Blender KSB4028|Blenders|Empire Red|5KSB4028AER|399.00|499.00|1
k400-variable-speed-blender-ksb4028|K400 Variable Speed Blender KSB4028|Blenders|Onyx Black|5KSB4028AOB|399.00|499.00|1
pouring-shield-tilt-head|Pouring Shield Tilt Head 5KSMTHPS|Stand Mixer Accessories||5KSMTHPS|25.00|39.00|1
4-7l-artisan-stand-mixer-2025-colour-of-the-year-butter-ksm195|Artisan Tilt-Head Stand Mixer - Butter KSM195|Stand Mixers||5KSM195PSABT|679.00|999.00|0
artisan-bread-bowl-with-baking-lid|Artisan Bread Bowl with Baking Lid 5KSM2CB5BGS|Stand Mixer Accessories||5KSM2CB5BGS|149.00|229.00|1
cordless-hand-mixer-with-battery-kitchenaid-go-bundle|KitchenAid Go Cordless Hand Mixer With Battery|Hand Mixers|Porcelain|5KHMR762APL|268.00|268.00|1
cordless-hand-mixer-with-battery-kitchenaid-go-bundle|KitchenAid Go Cordless Hand Mixer With Battery|Hand Mixers|Black Matte|5KHMR762ABM|268.00|268.00|1
fully-automatic-espresso-machine-water-filter-replacement|Fully Automatic Espresso Machine Water Filter Replacement|Coffee Accessories||KESWF|29.00||0
fully-automatic-espresso-machine-brew-unit-cleaning-tablets|Fully Automatic Espresso Machine Brew Unit Cleaning Tablets|Coffee Accessories||KESCT8|29.00||1
double-wall-latte-cup-set-of-2pcs-330ml|Double Wall Latte Glasses Set of 2|||LTBEKALATTE|40.00||1
3-pack-filter-kitchenaid-go-vacuum|KitchenAid Go Cordless 3 pack filters for kitchen vacuum|Cordless||5KKVRFA3A|29.00|29.00|1
milk-container-with-hose-for-fully-automatic-espresso-machine|Fully Automatic Espresso Machine Milk Container with Hose and Lid|Coffee Accessories||KESMC|59.00||1
semi-auto-removable-bean-hopper|Semi Auto Removable Bean Hopper|Coffee Accessories||KESRBHS|49.00||1
fully-auto-bean-hopper-with-lid|Fully Auto Bean Hopper with Lid|Coffee Accessories||KESRBHF|59.00||1
kes8556-fully-auto-espresso-machine-kf6|KF6 Fully Automatic Espresso Machine|Coffee machine|Stainless Steel|5KES8556ASX|1499.00|1799.00|1
kes8556-fully-auto-espresso-machine-kf6|KF6 Fully Automatic Espresso Machine|Coffee machine|Cast Iron Black|5KES8556ABK|1499.00|1799.00|1
kes8556-fully-auto-espresso-machine-kf6|KF6 Fully Automatic Espresso Machine|Coffee machine|Porcelain|5KES8556APL|1499.00|1799.00|1
kes8558-fully-auto-espresso-machine-kf8|KF8 Fully Automatic Espresso Machine|Coffee machine|Porcelain|5KES8558APL|2299.00|2599.00|1
kes8558-fully-auto-espresso-machine-kf8|KF8 Fully Automatic Espresso Machine|Coffee machine|Stainless Steel|5KES8558ASX|2299.00|2599.00|1
kes8558-fully-auto-espresso-machine-kf8|KF8 Fully Automatic Espresso Machine|Coffee machine|Cast Iron Black|5KES8558ABK|2299.00|2599.00|1
kes8558-fully-auto-espresso-machine-kf8|KF8 Fully Automatic Espresso Machine|Coffee machine|Juniper|5KES8558AJP|2299.00|2599.00|1
kes8557-fully-auto-espresso-machine-kf7|KF7 Fully Automatic Espresso Machine|Coffee machine|Cast Iron Black|5KES8557ABK|1899.00|2199.00|1
kes8557-fully-auto-espresso-machine-kf7|KF7 Fully Automatic Espresso Machine|Coffee machine|Juniper|5KES8557AJP|1899.00|2199.00|1
kes8557-fully-auto-espresso-machine-kf7|KF7 Fully Automatic Espresso Machine|Coffee machine|Porcelain|5KES8557APL|1899.00|2199.00|1
kes8557-fully-auto-espresso-machine-kf7|KF7 Fully Automatic Espresso Machine|Coffee machine|Stainless Steel|5KES8557ASX|1899.00|2199.00|1
kes6551-semi-automatic-espresso-machine-with-burr-grinder|Semi Automatic Espresso Machine with Burr Grinder|Coffee machine|Porcelain|5KES6551APL|799.00|999.00|1
kes6551-semi-automatic-espresso-machine-with-burr-grinder|Semi Automatic Espresso Machine with Burr Grinder|Coffee machine|Candy Apple|5KES6551ACA|799.00|999.00|1
kes6551-semi-automatic-espresso-machine-with-burr-grinder|Semi Automatic Espresso Machine with Burr Grinder|Coffee machine|Juniper|5KES6551AJP|799.00|999.00|1
kes6551-semi-automatic-espresso-machine-with-burr-grinder|Semi Automatic Espresso Machine with Burr Grinder|Coffee machine|Cast Iron Black|5KES6551ABK|799.00|999.00|1
kes6551-semi-automatic-espresso-machine-with-burr-grinder|Semi Automatic Espresso Machine with Burr Grinder|Coffee machine|Stainless Steel|5KES6551ASX|699.00|999.00|1
4-7l-artisan-stand-mixer-evergreen-design-series-2024-ksm180|Evergreen Tilt-Head Stand Mixer KSM180|Stand Mixers||5KSM180WSAEG|1099.00|1099.00|1
classic-hand-mixer-khm5110|Classic 5 Speed Hand Mixer KHM5110|Hand Mixers|Matte Black|5KHM5110ABM|129.00|159.00|1
classic-hand-mixer-khm5110|Classic 5 Speed Hand Mixer KHM5110|Hand Mixers|White|5KHM5110AWH|129.00|159.00|1
2-slice-metal-toaster-kmt2115|2 Slice Metal Toaster KMT2115|Toasters|Empire Red|5KMT2115AER|199.00|199.00|1
2-slice-metal-toaster-kmt2115|2 Slice Metal Toaster KMT2115|Toasters|Onyx Black|5KMT2115AOB|199.00|199.00|1
2-slice-metal-toaster-kmt2115|2 Slice Metal Toaster KMT2115|Toasters|White|5KMT2115AWH|199.00|199.00|1
flat-beater-for-bowl-lift-stand-mixer-silve-coated-5ksmblsf|Flat Beater for Bowl Lift Stand Mixer Silver Coated 5KSMBLSF|Stand Mixer Accessories||5KSMBLSF|25.00|39.00|1
dough-hook-for-bowl-lift-stand-mixer-silve-coated-5ksmblsd|Dough Hook for Bowl Lift Stand Mixer Silver Coated 5KSMBLSD|Stand Mixer Accessories||5KSMBLSD|25.00|39.00|1
kitchenaid-go-charging-dock|KitchenAid Go Cordless Charging Dock|Cordless||5KRBC12A|30.00|30.00|1
cordless-personal-blender-without-battery-kitchenaid-go-5ksbr200-matte-black|KitchenAid Go Cordless Personal Blender Without Battery|Blenders||5KSBR200ABM|159.00|159.00|1
cordless-personal-blender-battery-bundle-kitchenaid-go|KitchenAid Go Cordless Personal Blender With Battery|Blenders||5KSBR256ABM|228.00|228.00|1
cordless-kitchen-vacuum-without-battery-kitchenaid-go-5kkvr100-matte-black|KitchenAid Go Cordless Kitchen Vacuum Without Battery|Vacuum||5KKVR100ABM|159.00|159.00|1
cordless-kitchen-vacuum-battery-bundle-kitchenaid-go|KitchenAid Go Cordless Kitchen Vacuum With Battery|Vacuum||5KKVR121ABM|228.00|228.00|1
cordless-hand-mixer-without-battery-kitchenaid-go-5khmr700-matte-black|KitchenAid Go Cordless Hand Mixer Without Battery|Hand Mixers|Black Matte|5KHMR700ABM|159.00|199.00|1
cordless-hand-mixer-without-battery-kitchenaid-go-5khmr700-matte-black|KitchenAid Go Cordless Hand Mixer Without Battery|Hand Mixers|Porcelain|5KHMR700APL|159.00|199.00|1
cordless-hand-blender-without-battery-kitchenaid-go-5khbrv00|KitchenAid Go Cordless Hand Blender Without Battery|Hand Blender|Black Matte|5KHBRV00ABM|159.00|199.00|1
cordless-hand-blender-without-battery-kitchenaid-go-5khbrv00|KitchenAid Go Cordless Hand Blender Without Battery|Hand Blender|Porcelain|5KHBRV00APL|159.00|199.00|1
cordless-coffee-grinder-without-battery-kitchenaid-go-5kbgr100-matte-black|KitchenAid Go Cordless Coffee Grinder Without Battery|Food Processors||5KBGR100ABM|159.00|159.00|1
cordless-coffee-grinder-battery-bundle-kitchenaid-go|KitchenAid Go Cordless Coffee Grinder With Battery|Food Processors||5KBGR111ABM|228.00|228.00|1
cordless-5-cup-food-chopper-without-battery-kitchenaid-go-5kfcr500-matte-black|KitchenAid Go Cordless 5 Cup Food Chopper Without Battery|Food Processors|Black Matte|5KFCR500ABM|159.00|159.00|1
cordless-5-cup-food-chopper-without-battery-kitchenaid-go-5kfcr500-matte-black|KitchenAid Go Cordless 5 Cup Food Chopper Without Battery|Food Processors|Porcelain|5KFCR500APL|159.00|159.00|1
cordless-5-cup-food-chopper-battery-bundle-kitchenaid-go|KitchenAid Go Cordless 5 Cup Food Chopper With Battery|Food Processors|Porcelain|5KFCR531APL|228.00|228.00|1
cordless-5-cup-food-chopper-battery-bundle-kitchenaid-go|KitchenAid Go Cordless 5 Cup Food Chopper With Battery|Food Processors|Black Matte|5KFCR531ABM|228.00|228.00|1
the-pastry-lover|The Pastry Lover Bundle|Stand Mixer Attachments|Default|5KSMSFTAA5KSMPB5SS|232.00||0
the-pasta-lover|The Pasta Lover Bundle|Stand Mixer Attachments|Default|KSMPRAKSMPEXTA|453.00||0
7-6l-commercial-bowl-lift-stand-mixer-ksmc895|Commercial Bowl-Lift Stand Mixer KSMC895|Stand Mixers||5KSMC895AER|1349.00|1549.00|1
4-7l-artisan-stand-mixer-2024-colour-of-the-year-blue-salt-ksm195|Artisan Tilt-Head Stand Mixer - Blue Salt KSM195|Stand Mixers||5KSM195PSAOA|729.00|999.00|1
wire-whisk-for-bowl-lift|Wire Whisk for Bowl Lift Stand Mixers KSM70 / KSM60|Stand Mixer Accessories||5KSMBL6W|45.00|69.00|1
5-6l-stainless-steel-mixing-bowl-ksm60|5.6L Stainless Steel Mixing Bowl for KSM60|Stand Mixer Accessories||5KSMB60|90.00|139.00|0
6-6l-stainless-steel-mixing-bowl-ksm70|6.6L Stainless Steel Mixing Bowl for KSM70|Stand Mixer Accessories||5KSMB70|97.00|149.00|1
pouring-shield-bowl-lift-ksm70-ksm60|Pouring Shield for Bowl Lift KSM70 / KSM60|Stand Mixer Accessories||5KSMBLPS|32.00|49.00|1
kitchenaid-4-slice-toaster-kmt4109|4 Slice Toaster KMT4109|Toasters|Juniper|5KMT4109AJP|209.00|279.00|1
kitchenaid-4-slice-toaster-kmt4109|4 Slice Toaster KMT4109|Toasters|Porcelain|5KMT4109APL|209.00|279.00|1
kitchenaid-4-slice-toaster-kmt4109|4 Slice Toaster KMT4109|Toasters|Almond Cream|5KMT4109AAC|209.00|279.00|1
kitchenaid-4-slice-toaster-kmt4109|4 Slice Toaster KMT4109|Toasters|Cast Iron Black|5KMT4109ABK|209.00|279.00|1
kitchenaid-4-slice-toaster-kmt4109|4 Slice Toaster KMT4109|Toasters|Black Matte|5KMT4109ABM|209.00|279.00|1
kitchenaid-4-slice-toaster-kmt4109|4 Slice Toaster KMT4109|Toasters|Empire Red|5KMT4109AER|209.00|279.00|1
kitchenaid-4-slice-toaster-kmt4109|4 Slice Toaster KMT4109|Toasters|Pistachio|5KMT4109APT|209.00|279.00|1
kitchenaid-4-slice-toaster-kmt4109|4 Slice Toaster KMT4109|Toasters|Stainless Steel|5KMT4109ASX|209.00|279.00|1
kitchenaid-2-slice-toaster-kmt2109|2 Slice Toaster KMT2109|Toasters|Juniper|5KMT2109AJP|179.00|239.00|1
kitchenaid-2-slice-toaster-kmt2109|2 Slice Toaster KMT2109|Toasters|Porcelain|5KMT2109APL|179.00|239.00|1
kitchenaid-2-slice-toaster-kmt2109|2 Slice Toaster KMT2109|Toasters|Cast Iron Black|5KMT2109ABK|179.00|239.00|1
kitchenaid-2-slice-toaster-kmt2109|2 Slice Toaster KMT2109|Toasters|Almond Cream|5KMT2109AAC|179.00|239.00|1
kitchenaid-2-slice-toaster-kmt2109|2 Slice Toaster KMT2109|Toasters|Black Matte|5KMT2109ABM|179.00|239.00|1
kitchenaid-2-slice-toaster-kmt2109|2 Slice Toaster KMT2109|Toasters|Empire Red|5KMT2109AER|179.00|239.00|1
kitchenaid-2-slice-toaster-kmt2109|2 Slice Toaster KMT2109|Toasters|Pistachio|5KMT2109APT|179.00|239.00|1
kitchenaid-2-slice-toaster-kmt2109|2 Slice Toaster KMT2109|Toasters|Stainless Steel|5KMT2109ASX|179.00|239.00|1
1-7l-variable-temperature-electric-kettle-kek1701|1.7L Variable Temperature Electric Kettle KEK1701|Kettles|Cast Iron Black|5KEK1701ABK|179.00|239.00|1
1-7l-variable-temperature-electric-kettle-kek1701|1.7L Variable Temperature Electric Kettle KEK1701|Kettles|Juniper|5KEK1701AJP|179.00|239.00|1
1-7l-variable-temperature-electric-kettle-kek1701|1.7L Variable Temperature Electric Kettle KEK1701|Kettles|Almond Cream|5KEK1701AAC|179.00|239.00|1
1-7l-variable-temperature-electric-kettle-kek1701|1.7L Variable Temperature Electric Kettle KEK1701|Kettles|Black Matte|5KEK1701ABM|179.00|239.00|1
1-7l-variable-temperature-electric-kettle-kek1701|1.7L Variable Temperature Electric Kettle KEK1701|Kettles|Empire Red|5KEK1701AER|179.00|239.00|1
1-7l-variable-temperature-electric-kettle-kek1701|1.7L Variable Temperature Electric Kettle KEK1701|Kettles|Pistachio|5KEK1701APT|179.00|239.00|1
1-7l-variable-temperature-electric-kettle-kek1701|1.7L Variable Temperature Electric Kettle KEK1701|Kettles|Stainless Steel|5KEK1701ASX|179.00|239.00|1
1-7l-variable-temperature-electric-kettle-kek1701|1.7L Variable Temperature Electric Kettle KEK1701|Kettles|Porcelain|5KEK1701APL|179.00|239.00|1
double-flex-edge-for-bowl-lift|Double Flex Edge for Bowl Lift 5KDF7B|Stand Mixer Accessories||5KDF7B|71.00|109.00|1
3-piece-pasta-roller-and-cutter-attachment-ksmpra-metal-food-grinder-attachment-5ksmmga|The Ultimate Foodie Bundle|Stand Mixer Attachments|Default|KSMPRA5KSMMGAA|353.00||1
3-piece-pasta-roller-and-cutter-attachment-ksmpra|3-Piece Pasta Roller and Cutter Attachment KSMPRA|Stand Mixer Attachments||KSMPRA|194.00|299.00|1
pasta-roller-attachment-ksmpsa|Pasta Roller Attachment KSMPSA|Stand Mixer Attachments||KSMPSA|103.00|159.00|1
ice-cream-bowl-attachment|Ice Cream Bowl Attachment for Stand Mixer 5KSMICM|Stand Mixer Attachments||5KSMICM|145.00|209.00|1
4-8l-artisan-stand-mixer-2023-colour-of-the-year-hibiscus-ksm195|Artisan Tilt-Head Stand Mixer - Hibiscus KSM195|Stand Mixers||5KSM195PSAHI|679.00|999.00|1
shave-ice-attachment-for-stand-mixer-5ksmsia-ice-cream-bowl-attachment-for-stand-mixer-5ksmicm|The Sweet Tooth Bundle|Stand Mixer Attachments|Default|5KSMSIA5KSMICM|261.00||1
6-6l-bowl-lift-stand-mixer-ksm70|Artisan Bowl-Lift Stand Mixer KSM70|Stand Mixers|Pistachio|5KSM70SHXAPT|949.00|1149.00|1
6-6l-bowl-lift-stand-mixer-ksm70|Artisan Bowl-Lift Stand Mixer KSM70|Stand Mixers|Porcelain|5KSM70SHXAPL|949.00|1149.00|1
6-6l-bowl-lift-stand-mixer-ksm70|Artisan Bowl-Lift Stand Mixer KSM70|Stand Mixers|Dried Rose|5KSM70SHXADR|949.00|1149.00|1
6-6l-bowl-lift-stand-mixer-ksm70|Artisan Bowl-Lift Stand Mixer KSM70|Stand Mixers|Almond Cream|5KSM70SHXAAC|949.00|1149.00|1
6-6l-bowl-lift-stand-mixer-ksm70|Artisan Bowl-Lift Stand Mixer KSM70|Stand Mixers|Pebbled Palm|5KSM70SHXAPP|949.00|1149.00|1
6-6l-bowl-lift-stand-mixer-ksm70|Artisan Bowl-Lift Stand Mixer KSM70|Stand Mixers|Cast Iron Black|5KSM70SHXABK|949.00|1149.00|1
6-6l-bowl-lift-stand-mixer-ksm70|Artisan Bowl-Lift Stand Mixer KSM70|Stand Mixers|Empire Red|5KSM70SHXAER|949.00|1149.00|1
metal-food-grinder-attachment-5ksmmga|Metal Food Grinder Attachment 5KSMMGAA|Stand Mixer Attachments||5KSMMGAA|159.00|229.00|1
artisan-bread-bowl-with-baking-lid-5ksm2cb5bgs-sifter-scale-attachment-ksmsftaa|The Bread Maker Bundle|Stand Mixer Attachments|Default|5KSM2CB5BGSKGM|298.00||1
7-blade-spiraliser-plus-with-peel-core-slice-attachment-ksm2apc-fresh-prep-slicer-shredder-attachment-5ksmvsa|The Veggie Lover Bundle|Stand Mixer Attachments|Default|5KSM2APC5KSMVSA|278.00||0
5-6l-bowl-lift-stand-mixer-ksm60|Artisan Bowl-Lift Stand Mixer KSM60|Stand Mixers|Dried Rose|5KSM60SPXADR|849.00|1049.00|1
5-6l-bowl-lift-stand-mixer-ksm60|Artisan Bowl-Lift Stand Mixer KSM60|Stand Mixers|Empire Red|5KSM60SPXAER|849.00|1049.00|1
5-6l-bowl-lift-stand-mixer-ksm60|Artisan Bowl-Lift Stand Mixer KSM60|Stand Mixers|Milkshake|5KSM60SPXAMH|849.00|1049.00|1
5-6l-bowl-lift-stand-mixer-ksm60|Artisan Bowl-Lift Stand Mixer KSM60|Stand Mixers|Pistachio|5KSM60SPXAPT|849.00|1049.00|1
4-7l-artisan-stand-mixer-blossom-design-series-2022-ksm180|Blossom Tilt-Head Stand Mixer KSM180|Stand Mixers||5KSM180LEALB|1099.00|1099.00|1
ksm195-stand-mixer|Artisan Tilt-Head Stand Mixer KSM195|Stand Mixers|Wildflower|5KSM195PSAWF|679.00|999.00|1
ksm195-stand-mixer|Artisan Tilt-Head Stand Mixer KSM195|Stand Mixers|Pebbled Palm|5KSM195PSAPP|679.00|999.00|1
ksm195-stand-mixer|Artisan Tilt-Head Stand Mixer KSM195|Stand Mixers|Cardamon|5KSM195PSADC|679.00|999.00|0
ksm195-stand-mixer|Artisan Tilt-Head Stand Mixer KSM195|Stand Mixers|Feather Pink|5KSM195PSAFT|679.00|999.00|1
ksm195-stand-mixer|Artisan Tilt-Head Stand Mixer KSM195|Stand Mixers|Porcelain|5KSM195PSAPL|679.00|999.00|1
ksm195-stand-mixer|Artisan Tilt-Head Stand Mixer KSM195|Stand Mixers|Mineral Water|5KSM195PSAMI|679.00|999.00|1
ksm195-stand-mixer|Artisan Tilt-Head Stand Mixer KSM195|Stand Mixers|Juniper|5KSM195PSAJP|679.00|999.00|0
ksm195-stand-mixer|Artisan Tilt-Head Stand Mixer KSM195|Stand Mixers|Pistachio|5KSM195PSAPT|729.00|999.00|1
ksm195-stand-mixer|Artisan Tilt-Head Stand Mixer KSM195|Stand Mixers|Dried Rose|5KSM195PSADR|679.00|999.00|0
ksm195-stand-mixer|Artisan Tilt-Head Stand Mixer KSM195|Stand Mixers|Almond Cream|5KSM195PSAAC|729.00|999.00|1
ksm195-stand-mixer|Artisan Tilt-Head Stand Mixer KSM195|Stand Mixers|Empire Red|5KSM195PSAER|729.00|999.00|1
ksm195-stand-mixer|Artisan Tilt-Head Stand Mixer KSM195|Stand Mixers|Matte Black|5KSM195PSABM|679.00|999.00|1
ksm195-stand-mixer|Artisan Tilt-Head Stand Mixer KSM195|Stand Mixers|Milkshake|5KSM195PSAMH|679.00|999.00|0
ksm195-stand-mixer|Artisan Tilt-Head Stand Mixer KSM195|Stand Mixers|Candy Apple Red|5KSM195PSACA|679.00|999.00|0
ksm195-stand-mixer|Artisan Tilt-Head Stand Mixer KSM195|Stand Mixers|Onyx Black|5KSM195PSAOB|679.00|999.00|1
ksm195-stand-mixer|Artisan Tilt-Head Stand Mixer KSM195|Stand Mixers|Blue Velvet|5KSM195PSAVB|679.00|999.00|0
ksm195-stand-mixer|Artisan Tilt-Head Stand Mixer KSM195|Stand Mixers|White|5KSM195PSAWH|679.00|999.00|1
ksm195-stand-mixer|Artisan Tilt-Head Stand Mixer KSM195|Stand Mixers|Cast Iron Black|5KSM195PSABK|679.00|999.00|1
4-8l-artisan-stand-mixer-ksm192|Artisan Tilt-Head Stand Mixer KSM192|Stand Mixers|Almond Cream|5KSM192XDAAC|649.00|849.00|1
4-8l-artisan-stand-mixer-ksm192|Artisan Tilt-Head Stand Mixer KSM192|Stand Mixers|Empire Red|5KSM192XDAER|599.00|849.00|1
4-8l-artisan-stand-mixer-ksm192|Artisan Tilt-Head Stand Mixer KSM192|Stand Mixers|Dried Rose|5KSM192XDADR|649.00|849.00|1
4-8l-artisan-stand-mixer-ksm192|Artisan Tilt-Head Stand Mixer KSM192|Stand Mixers|Pistachio|5KSM192XDAPT|599.00|849.00|1
4-8l-artisan-stand-mixer-ksm192|Artisan Tilt-Head Stand Mixer KSM192|Stand Mixers|Mineral Water|5KSM192XDAMI|649.00|849.00|1
4-8l-artisan-stand-mixer-ksm192|Artisan Tilt-Head Stand Mixer KSM192|Stand Mixers|Onyx Black|5KSM192XDAOB|649.00|849.00|1
4-8l-artisan-stand-mixer-ksm192|Artisan Tilt-Head Stand Mixer KSM192|Stand Mixers|Milkshake|5KSM192XDAMH|649.00|849.00|1
4-8l-artisan-stand-mixer-ksm192|Artisan Tilt-Head Stand Mixer KSM192|Stand Mixers|Agave|5KSM192XDAAG|699.00|849.00|1
4-8l-artisan-stand-mixer-ksm192|Artisan Tilt-Head Stand Mixer KSM192|Stand Mixers|Black Matte|5KSM192XDABM|599.00|849.00|1
4-8l-artisan-stand-mixer-ksm192|Artisan Tilt-Head Stand Mixer KSM192|Stand Mixers|White|5KSM192XDAWH|649.00|849.00|1
4-8l-artisan-stand-mixer-ksm192|Artisan Tilt-Head Stand Mixer KSM192|Stand Mixers|Blue Velvet|5KSM192XDAVB|649.00|849.00|1
4-8l-artisan-stand-mixer-ksm192|Artisan Tilt-Head Stand Mixer KSM192|Stand Mixers|Honey|5KSM192XDAHY|649.00|849.00|1
4-8l-artisan-stand-mixer-ksm192|Artisan Tilt-Head Stand Mixer KSM192|Stand Mixers|Contour Silver|5KSM192XDACU|649.00|849.00|1
4-8l-artisan-stand-mixer-ksm192|Artisan Tilt-Head Stand Mixer KSM192|Stand Mixers|Kyoto Glow|5KSM192XDAKG|649.00|849.00|1
4-8l-artisan-stand-mixer-ksm192|Artisan Tilt-Head Stand Mixer KSM192|Stand Mixers|Passion Red|5KSM192XDAPA|949.00|949.00|0
4-8l-artisan-stand-mixer-ksm192|Artisan Tilt-Head Stand Mixer KSM192|Stand Mixers|Feathered Pink|5KSM192XDAFT|949.00|949.00|0
4-8l-artisan-stand-mixer-ksm192|Artisan Tilt-Head Stand Mixer KSM192|Stand Mixers|Pebbled Palm|5KSM192XDAPP|649.00|849.00|0
4-8l-artisan-stand-mixer-ksm192|Artisan Tilt-Head Stand Mixer KSM192|Stand Mixers|Majestic Yellow|5KSM192XDAMY|649.00|849.00|0
4-8l-artisan-stand-mixer-ksm192|Artisan Tilt-Head Stand Mixer KSM192|Stand Mixers|Medallion Silver|5KSM192XDAMS|949.00|949.00|0
4-8l-artisan-stand-mixer-ksm192|Artisan Tilt-Head Stand Mixer KSM192|Stand Mixers|Lavender Cream|5KSM192XDALR|649.00|849.00|0
4-8l-artisan-stand-mixer-ksm192|Artisan Tilt-Head Stand Mixer KSM192|Stand Mixers|Candy Apple Red|5KSM192XDACA|849.00|849.00|0
flex-edge-beater-accessory-hand-mixer|Flex Edge Beater Accessory for Hand Mixer 5KHMFEB2|Hand Mixer Accessories||5KHMFEB2|39.00|39.00|1
ice-shaver-attachment|Shave Ice Attachment for Stand Mixer 5KSMSIA|Stand Mixer Attachments||5KSMSIA|116.00|179.00|1
jar-accessory-kit-for-kfp0921|Jar Accessory Kit for KFP0921|Food Processor Accessories||KFP0921AACC|49.00|49.00|1
ksm195-stand-mixer-colour-of-the-year-beetroot|Artisan Tilt-Head Stand Mixer - Beetroot KSM195|Stand Mixers||5KSM195PSABE|679.00|999.00|0
9-cup-food-processor-kfp0921-1|9 Cup Food Processor KFP0921|Food Processors|Almond Cream|5KFP0921AAC|319.00|319.00|1
9-cup-food-processor-kfp0921-1|9 Cup Food Processor KFP0921|Food Processors|Empire Red|5KFP0921AER|319.00|319.00|1
9-cup-food-processor-kfp0921-1|9 Cup Food Processor KFP0921|Food Processors|Contour Silver|5KFP0921ACU|319.00|319.00|1
9-cup-food-processor-kfp0921-1|9 Cup Food Processor KFP0921|Food Processors|Black Matte|5KFP0921ABM|319.00|319.00|1
9-cup-food-processor-kfp0921-1|9 Cup Food Processor KFP0921|Food Processors|Onyx Black|5KFP0921AOB|319.00|319.00|1
9-cup-food-processor-kfp0921-1|9 Cup Food Processor KFP0921|Food Processors|Pistachio|5KFP0921APT|319.00|319.00|1
pastry-beater-stainless-th-sm|Pastry Beater for Tilt Head Stand Mixer Stainless Steel 5KSMPB5SS|Stand Mixer Accessories||5KSMPB5SS|64.00|99.00|0
pastry-beater-stainless-bl-sm|Pastry Beater for Bowl Lift Stand Mixer Stainless Steel 5KSMPB7SS|Stand Mixer Accessories||5KSMPB7SS|71.00|109.00|1
pastry-beater-standard-th-sm|Pastry Beater for Tilt Head Stand Mixer Silver Coated 5KSMPB5|Stand Mixer Accessories||5KSMPB5|38.00|59.00|1
pastry-beater-for-bowl-lift-stand-mixer-silve-coated-5ksmpb7|Pastry Beater for Bowl Lift Stand Mixer Silver Coated 5KSMPB7|Stand Mixer Accessories||5KSMPB7|45.00|69.00|1
13-cup-food-processor-kfp1319-1|13 Cup Food Processor KFP1319|Food Processors|Almond Cream|5KFP1319AAC|349.00|449.00|0
13-cup-food-processor-kfp1319-1|13 Cup Food Processor KFP1319|Food Processors|Empire Red|5KFP1319AER|349.00|449.00|1
13-cup-food-processor-kfp1319-1|13 Cup Food Processor KFP1319|Food Processors|Black Matte|5KFP1319ABM|349.00|449.00|1
13-cup-food-processor-kfp1319-1|13 Cup Food Processor KFP1319|Food Processors|Contour Silver|5KFP1319ACU|349.00|449.00|1
13-cup-food-processor-kfp1319-1|13 Cup Food Processor KFP1319|Food Processors|Onyx Black|5KFP1319AOB|349.00|449.00|1
pbj-expansion-pack-for-k4027-1|Personal Blending Jar Expansion Pack for K150/K400|Blender Accessories||5KSB2030PJB|99.00|99.00|1
small-batch-expansion-pack-1|Small Batch Expansion Pack for K400/K150|Blender Accessories||5KSB2040BBB|99.00|99.00|1
ceramic-bowl-speckled-stone|4.7L Ceramic Bowl Speckled Stone 5KSM2CB5PSS|Stand Mixer Accessories||5KSM2CB5PSS|129.00|199.00|1
pbj-accessory-jar-k4027-1|Personal Accessory Jar|Blender Accessories||KSB2032PJA|25.00|39.00|1
classic-variable-speed-hand-blender|Classic Variable Speed Hand Blender KHBV53|Hand Blender|Empire Red|5KHBV53AER|109.00|159.00|1
classic-variable-speed-hand-blender|Classic Variable Speed Hand Blender KHBV53|Hand Blender|Almond Cream|5KHBV53AAC|109.00|159.00|1
classic-variable-speed-hand-blender|Classic Variable Speed Hand Blender KHBV53|Hand Blender|Matte Black|5KHBV53ABM|109.00|159.00|1
ceramic-bowl-white-shell-1|4.7L White Shell Ceramic Bowl for Tilt-head Stand Mixer KSM2CB5PWS|Stand Mixer Accessories||5KSM2CB5PWS|129.00|199.00|0
ceramic-bowl-black-shell-1|4.7L Black Shell Ceramic Bowl for Tilt-Head Stand Mixer KSM2CB5PBS|Stand Mixer Accessories||5KSM2CB5PBS|129.00|199.00|1
sausage-stuffer-attachment|Sausage Stuffer Attachment Kit Without Food Grinder SSAA|Stand Mixer Attachments||5KSMSSAA|12.00|19.00|1
cordless-5-cup-chopper|Cordless 5 Cup Food Chopper KFCB519|Food Processors|Almond Cream|5KFCB519AAC|219.00|219.00|1
food-grinder-attachment-5ksmfgaa|Food Grinder Attachment 5KSMFGAA|Stand Mixer Attachments||5KSMFGAA|84.00|129.00|1
4-7l-glass-bowl-5-quart-w-lid|4.7L Glass Bowl for Tilt-Head Stand Mixer KSM5GB|Stand Mixer Accessories||KSM5GB|110.00|169.00|0
5-cup-mini-food-chopper-with-whisk-kfc0516a|5 Cup Food Chopper with Whisk KFC0516|Food Processors|Almond Cream|5KFC0516AAC|139.00|179.00|1
5-cup-mini-food-chopper-with-whisk-kfc0516a|5 Cup Food Chopper with Whisk KFC0516|Food Processors|Onyx Black|5KFC0516AOB|159.00|179.00|1
5-cup-mini-food-chopper-with-whisk-kfc0516a|5 Cup Food Chopper with Whisk KFC0516|Food Processors|Empire Red|5KFC0516AER|139.00|179.00|1
5-cup-mini-food-chopper-with-whisk-kfc0516a|5 Cup Food Chopper with Whisk KFC0516|Food Processors|Contour Silver|5KFC0516ACU|159.00|179.00|1
kitchenaid-3-5-cup-mini-food-chopper-kfc3516a-1|3.5 Cup Mini Food Chopper KFC3516A|Food Processors|Almond Cream|5KFC3516AAC|109.00|149.00|0
kitchenaid-3-5-cup-mini-food-chopper-kfc3516a-1|3.5 Cup Mini Food Chopper KFC3516A|Food Processors|Empire Red|5KFC3516AER|109.00|149.00|1
kitchenaid-3-5-cup-mini-food-chopper-kfc3516a-1|3.5 Cup Mini Food Chopper KFC3516A|Food Processors|Contour Silver|5KFC3516ACU|109.00|149.00|1
kitchenaid-3-5-cup-mini-food-chopper-kfc3516a-1|3.5 Cup Mini Food Chopper KFC3516A|Food Processors|Onyx Black|5KFC3516AOB|109.00|149.00|1
kitchenaid-3-5-cup-mini-food-chopper-kfc3516a-1|3.5 Cup Mini Food Chopper KFC3516A|Food Processors|White|5KFC3516AWH|109.00|149.00|1
kitchenaid-3-5-cup-mini-food-chopper-kfc3516a-1|3.5 Cup Mini Food Chopper KFC3516A|Food Processors|Pistachio|5KFC3516APT|109.00|149.00|1
kitchenaid-7-cup-food-processor-kfp0719-1|7 Cup Food Processor KFP0719|Food Processors|Empire Red|5KFP0719AER|219.00|269.00|1
kitchenaid-7-cup-food-processor-kfp0719-1|7 Cup Food Processor KFP0719|Food Processors|Contour Silver|5KFP0719ACU|219.00|269.00|1
kitchenaid-7-cup-food-processor-kfp0719-1|7 Cup Food Processor KFP0719|Food Processors|Almond Cream|5KFP0719AAC|219.00|269.00|1
kitchenaid-7-cup-food-processor-kfp0719-1|7 Cup Food Processor KFP0719|Food Processors|Onyx Black|5KFP0719AOB|219.00|269.00|1
4-3l-kitchenaid-classic-stand-mixer-ksm45|Classic Tilt-Head Stand Mixer KSM45|Stand Mixers|White|5KSM45AWH|749.00|749.00|1
4-3l-kitchenaid-classic-stand-mixer-ksm45|Classic Tilt-Head Stand Mixer KSM45|Stand Mixers|Onyx Black|5KSM45AOB|749.00|749.00|1
1-25-l-classic-electric-kettle-auto-shut-off-kek1222|1.25L Classic Electric Kettle KEK1222|Kettles|Onyx Black|5KEK1222AOB|199.00|199.00|1
1-25-l-classic-electric-kettle-auto-shut-off-kek1222|1.25L Classic Electric Kettle KEK1222|Kettles|Empire Red|5KEK1222AER|199.00|199.00|1
1-25-l-classic-electric-kettle-auto-shut-off-kek1222|1.25L Classic Electric Kettle KEK1222|Kettles|White|5KEK1222AWH|199.00|199.00|1
1-25-l-classic-electric-kettle-auto-shut-off-kek1222|1.25L Classic Electric Kettle KEK1222|Kettles|STAINLESS|5KEK1222ASX|199.00|199.00|0
artisan-9-speed-hand-mixer-khm926|Artisan 9 Speed Hand Mixer KHM926|Hand Mixers|Empire Red|5KHM926AER|179.00|209.00|1
artisan-9-speed-hand-mixer-khm926|Artisan 9 Speed Hand Mixer KHM926|Hand Mixers|Almond Cream|5KHM926AAC|179.00|209.00|1
artisan-9-speed-hand-mixer-khm926|Artisan 9 Speed Hand Mixer KHM926|Hand Mixers|Contour Silver|5KHM926ACU|179.00|209.00|1
artisan-9-speed-hand-mixer-khm926|Artisan 9 Speed Hand Mixer KHM926|Hand Mixers|Onyx Black|5KHM926AOB|179.00|209.00|1
artisan-9-speed-hand-mixer-khm926|Artisan 9 Speed Hand Mixer KHM926|Hand Mixers|Cranberry|5KHM926ACB|209.00|209.00|0
artisan-9-speed-hand-mixer-khm926|Artisan 9 Speed Hand Mixer KHM926|Hand Mixers|Pistachio|5KHM926APT|179.00|209.00|1
gourmet-pasta-press-attachment-ksmpexta|Gourmet Pasta Press Attachment KSMPEXTA|Stand Mixer Attachments||KSMPEXTA|259.00|399.00|0
pasta-cutter-angel-attachment-ksmpca|Pasta Cutter & Angel Attachment KSMPCA|Stand Mixer Attachments||KSMPCA|129.00|199.00|0
7-6l-bowl-for-commerical-bowl-lift-stand-mixer-ksmc8qbowl|7.6L Bowl for Commercial Bowl-Lift Stand Mixer KSMC8QBOWL|Stand Mixer Accessories||KSMC8QBOWL|111.00|170.00|1
stainless-steel-dough-hook-for-bowl-lift-ksmc7qdh|Stainless Steel Dough Hook Spiral for Bowl Lift KSM70 / KSMC7QDH|Stand Mixer Accessories||KSMC7QDH|51.00|79.00|0
wire-whisk-for-mini-tilt-head-stand-mixer-ksm35ww|Wire Whisk for Mini Tilt-Head Stand Mixer KSM35WW|Stand Mixer Accessories||KSM35WW|46.00|70.00|1
flat-beater-for-mini-tilt-head-stand-mixer-ksm35cfb|Flat Beater for Mini Tilt-Head Stand Mixer KSM35CFB|Stand Mixer Accessories||KSM35CFB|46.00|70.00|1
artisan-mini-coated-dough-hook|Artisan Mini Coated Dough Hook KSM35CDH|Stand Mixer Accessories||KSM35CDH|46.00|70.00|1
food-processor-attachment-for-stand-mixer-ksm12fpa-1|Food Processor Attachment for Stand Mixer KSM2FPA|Stand Mixer Attachments||KSM2FPA|259.00|399.00|1
multi-purpose-blade-12-arm|Multi Purpose Blade 12" Arm|||KHBC12MER|49.95||0
multi-purpose-blade-10-arm|Multi Purpose Blade 10" Arm|||KHBC10MER|49.95||0
grain-mill-attachment-kgm|Grain Mill Attachment KGM|Stand Mixer Attachments||KGM|149.00|229.00|1
2-8l-stainless-steel-bowl-for-tilt-head-stand-mier-kb3ss|2.8L Stainless Steel Bowl for Tilt-Head Stand Mixer KB3SS|Stand Mixer Accessories||KB3SS|45.00|69.00|1
4-8l-stainless-steel-bowl-for-tilt-head-stand-mixer-k5thsbp|4.7L Stainless Steel Bowl for Tilt-Head Stand Mixer K5THSBP|Stand Mixer Accessories||K5THSBP|64.00|99.00|1
wire-whisk-for-bowl-lift-stand-mixer-k5aww|Wire Whisk for Bowl-Lift Stand Mixer K5AWW|Stand Mixer Accessories||K5AWW|25.00|39.00|1
wire-whisk-for-tilt-head-stand-mixer-k45ww|Wire Whisk for Tilt-Head Stand Mixer K45WW|Stand Mixer Accessories||K45WW|25.00|39.00|0
fresh-prep-slicer-shredder-attachment-5ksmvsa|Fresh Prep Slicer & Shredder Attachment 5KSMVSA|Stand Mixer Attachments||5KSMVSA|116.00|179.00|0
sifter-scale-attachment-ksmsftaa|Sifter + Scale Attachment KSMSFTAA|Stand Mixer Attachments||5KSMSFTAA|168.00|259.00|1
vegetable-sheet-cutter-attachment-ksmsca|Vegetable Sheet Cutter Attachment KSMSCA|Stand Mixer Attachments||5KSMSCA|155.00|239.00|1
3-piece-drum-set-for-slicer-shredder-attachment-ksmemvsc|3-Piece Drum Set for Slicer/Shredder Attachment KSMEMVSC|Stand Mixer Attachments||5KSMEMVSC|46.00|70.00|1
pouring-shield-for-mini-tilt-head-bowl-5ksm35ps|Pouring Shield for Mini Tilt-Head Bowl 5KSM35PS|Stand Mixer Accessories||5KSM35PS|20.00|30.00|1
7-blade-spiraliser-plus-with-peel-core-slice-attachment-ksm2apc|7 Blade Spiraliser Plus with Peel, Core & Slice Attachment KSM2APC|Stand Mixer Attachments||5KSM2APC|162.00|249.00|1