sf_product|sku|title|variant|rrp|web_price|match|note|url
1.7L VARIABLE TEMPERATURE KETTLE ALMOND CREAM|5KEK1701AAC|1.7L Variable Temperature Electric Kettle KEK1701|Almond Cream|239.00|179.00|name||https://kitchenaid.com.au/products/1-7l-variable-temperature-electric-kettle-kek1701
1.7L VARIABLE TEMPERATURE KETTLE PISTACHIO|5KEK1701APT|1.7L Variable Temperature Electric Kettle KEK1701|Pistachio|239.00|179.00|name||https://kitchenaid.com.au/products/1-7l-variable-temperature-electric-kettle-kek1701
2 SLICE TOASTER ALMOND CREAM|5KMT2109AAC|2 Slice Toaster KMT2109|Almond Cream|239.00|179.00|name||https://kitchenaid.com.au/products/kitchenaid-2-slice-toaster-kmt2109
2 SLICE TOASTER MATTE BLACK|5KMT2109ABM|2 Slice Toaster KMT2109|Black Matte|239.00|179.00|name||https://kitchenaid.com.au/products/kitchenaid-2-slice-toaster-kmt2109
3.5 CUP MINI FOOD CHOPPER EMPIRE RED|5KFC3516AER|3.5 Cup Mini Food Chopper KFC3516A|Empire Red|149.00|109.00|name||https://kitchenaid.com.au/products/kitchenaid-3-5-cup-mini-food-chopper-kfc3516a-1
3.5 CUP MINI FOOD CHOPPER ONYX BLACK|5KFC3516AOB|3.5 Cup Mini Food Chopper KFC3516A|Onyx Black|149.00|109.00|name||https://kitchenaid.com.au/products/kitchenaid-3-5-cup-mini-food-chopper-kfc3516a-1
3.5 CUP MINI FOOD CHOPPER PISTACHIO|5KFC3516APT|3.5 Cup Mini Food Chopper KFC3516A|Pistachio|149.00|109.00|name||https://kitchenaid.com.au/products/kitchenaid-3-5-cup-mini-food-chopper-kfc3516a-1
5KEK1701APL - 1.7L KETTLE PORCELAIN WHITE|5KEK1701APL|1.7L Variable Temperature Electric Kettle KEK1701|Porcelain|239.00|179.00|sku||https://kitchenaid.com.au/products/1-7l-variable-temperature-electric-kettle-kek1701
5KHBRV00ABM - CORDLESS GO HAND BLENDER|5KHBRV00ABM|KitchenAid Go Cordless Hand Blender Without Battery|Black Matte|199.00|159.00|sku||https://kitchenaid.com.au/products/cordless-hand-blender-without-battery-kitchenaid-go-5khbrv00
5KHM926AER - KHM926 EMPIRE RED H MIXER|5KHM926AER|Artisan 9 Speed Hand Mixer KHM926|Empire Red|209.00|179.00|sku||https://kitchenaid.com.au/products/artisan-9-speed-hand-mixer-khm926
5KHMR700ABM - CORDLESS GO HAND MIXER|5KHMR700ABM|KitchenAid Go Cordless Hand Mixer Without Battery|Black Matte|199.00|159.00|sku||https://kitchenaid.com.au/products/cordless-hand-mixer-without-battery-kitchenaid-go-5khmr700-matte-black
5KMT2109AJP - 2 SLICE METAL TOASTER JUNIPER|5KMT2109AJP|2 Slice Toaster KMT2109|Juniper|239.00|179.00|sku||https://kitchenaid.com.au/products/kitchenaid-2-slice-toaster-kmt2109
5KMT4109APL - 4 SLICE TOASTER PORCE WHITE|5KMT4109APL|4 Slice Toaster KMT4109|Porcelain|279.00|209.00|sku||https://kitchenaid.com.au/products/kitchenaid-4-slice-toaster-kmt4109
5KRB12A - CORDLESS GO BATTERY|5KRB12A|KitchenAid Go Cordless 10.8V Battery||69.00|69.00|sku||https://kitchenaid.com.au/products/kitchenaid-go-battery-5krb12a
5KSB2072APL - BLENDER PORCELAIN WHITE|5KSB2072APL|Pure Power Blender with Plastic Jar|Porcelain|199.00|199.00|sku||https://kitchenaid.com.au/products/ksb2072-pure-power-blender
5KSM156WBAPL  - Stand Mixer in Porcelain Walnut|5KSM156WBAPL|Artisan Tilt-Head Stand Mixer with Walnut Wood Bowl KSM156||1049.00|799.00|sku||https://kitchenaid.com.au/products/artisan-stand-mixer-walnut-wood-bowl-ksm156
5KSM195 - KSM195 STAND MIXER Juniper|5KSM195PSAJP|Artisan Tilt-Head Stand Mixer KSM195|Juniper|999.00|679.00|name||https://kitchenaid.com.au/products/ksm195-stand-mixer
5KSM195PSAAC - KSM195 ALMOND CREAM MIXER|5KSM195PSAAC|Artisan Tilt-Head Stand Mixer KSM195|Almond Cream|999.00|729.00|sku||https://kitchenaid.com.au/products/ksm195-stand-mixer
5KSM195PSAER - KSM195 EMPIRE RED MIXER|5KSM195PSAER|Artisan Tilt-Head Stand Mixer KSM195|Empire Red|999.00|729.00|sku||https://kitchenaid.com.au/products/ksm195-stand-mixer
5KSM195PSAPL - ARTISAN STAND MIXER PORCELAIN|5KSM195PSAPL|Artisan Tilt-Head Stand Mixer KSM195|Porcelain|999.00|679.00|sku||https://kitchenaid.com.au/products/ksm195-stand-mixer
5KSM195PSAPT - KSM195 PISTACHIO MIXER|5KSM195PSAPT|Artisan Tilt-Head Stand Mixer KSM195|Pistachio|999.00|729.00|sku||https://kitchenaid.com.au/products/ksm195-stand-mixer
5KSMMGAA - METAL FOOD GRINDER ATTACHMENT|5KSMMGAA|Metal Food Grinder Attachment 5KSMMGAA||229.00|159.00|sku||https://kitchenaid.com.au/products/metal-food-grinder-attachment-5ksmmga
5KSMVSA - SLICER /SHREDDER ATTACHMENT|5KSMVSA|Fresh Prep Slicer & Shredder Attachment 5KSMVSA||179.00|116.00|sku||https://kitchenaid.com.au/products/fresh-prep-slicer-shredder-attachment-5ksmvsa
9 CUP FOOD PROCESSOR ALMOND CREAM|5KFP0921AAC|9 Cup Food Processor KFP0921|Almond Cream|319.00|319.00|name||https://kitchenaid.com.au/products/9-cup-food-processor-kfp0921-1
9 CUP FOOD PROCESSOR MATTE BLACK|5KFP0921ABM|9 Cup Food Processor KFP0921|Black Matte|319.00|319.00|name||https://kitchenaid.com.au/products/9-cup-food-processor-kfp0921-1
ARTISAN®9 SpeedHAND MIXER PISTACHIO|5KHM926APT|Artisan 9 Speed Hand Mixer KHM926|Pistachio|209.00|179.00|name||https://kitchenaid.com.au/products/artisan-9-speed-hand-mixer-khm926
ARTISAN®TILT-HEAD STAND MIXER BLUE SALT|5KSM195PSAOA|Artisan Tilt-Head Stand Mixer - Blue Salt KSM195||999.00|729.00|name||https://kitchenaid.com.au/products/4-7l-artisan-stand-mixer-2024-colour-of-the-year-blue-salt-ksm195
ARTISAN®TILT-HEAD STAND MIXER FEATHERED PINK|5KSM192XDAFT|Artisan Tilt-Head Stand Mixer KSM192|Feathered Pink|949.00|949.00|estimated|Model not stated; only KSM192 Feathered Pink sold standalone on site|https://kitchenaid.com.au/products/4-8l-artisan-stand-mixer-ksm192
ARTISAN®TILT-HEAD STAND MIXER MAJESTIC YELLOW|5KSM192XDAMY|Artisan Tilt-Head Stand Mixer KSM192|Majestic Yellow|849.00|649.00|estimated|Model not stated; KSM192 ($849) used, lower than KSM195|https://kitchenaid.com.au/products/4-8l-artisan-stand-mixer-ksm192
ARTISAN®TILT-HEAD STAND MIXER ONYX BLACK|5KSM192XDAOB|Artisan Tilt-Head Stand Mixer KSM192|Onyx Black|849.00|649.00|estimated|Model not stated; KSM192 ($849) used, lower than KSM195 ($999)|https://kitchenaid.com.au/products/4-8l-artisan-stand-mixer-ksm192
ARTISAN®TILT-HEAD STAND MIXER WHITE|5KSM192XDAWH|Artisan Tilt-Head Stand Mixer KSM192|White|849.00|649.00|estimated|Model not stated; KSM192 ($849) used, lower than KSM195 ($999)|https://kitchenaid.com.au/products/4-8l-artisan-stand-mixer-ksm192
Artisan Plus Tilt-Head Stand Mixer Cast Iron Black|5KSM50PKVABK|Artisan Plus Tilt-Head Stand Mixer KSM50|Cast Iron Black|1199.00|999.00|name||https://kitchenaid.com.au/products/ksm50
Artisan Plus Tilt-Head Stand Mixer Oat|5KSM50PKVAOC|Artisan Plus Tilt-Head Stand Mixer KSM50|Oat|1199.00|999.00|name||https://kitchenaid.com.au/products/ksm50
Artisan Tilt-Head Stand Mixer KSM192|5KSM192XDAPT|Artisan Tilt-Head Stand Mixer KSM192|Pistachio|849.00|599.00|estimated|Colour not stated; standard KSM192 RRP $849 (special editions $949)|https://kitchenaid.com.au/products/4-8l-artisan-stand-mixer-ksm192
BOWL LIFT STAND MIXER CAST IRON BLACK|5KSM70SHXABK|Artisan Bowl-Lift Stand Mixer KSM70|Cast Iron Black|1149.00|949.00|name||https://kitchenaid.com.au/products/6-6l-bowl-lift-stand-mixer-ksm70
CLASSIC CORDED HAND BLENDER ALMOND CREAM|5KHBV53AAC|Classic Variable Speed Hand Blender KHBV53|Almond Cream|159.00|109.00|name||https://kitchenaid.com.au/products/classic-variable-speed-hand-blender
ICE SHAVE ATTACHMENT|5KSMSIA|Shave Ice Attachment for Stand Mixer 5KSMSIA||179.00|116.00|name||https://kitchenaid.com.au/products/ice-shaver-attachment
KF2 Fully Automatic Espresso Machine Matte black|5KES8452ABM|KF2 Fully Automatic Espresso Machine|MATTE BLACK|1099.00|899.00|name||https://kitchenaid.com.au/products/kes8452-fully-auto-espresso-machine-kf2
KF4 Fully Automatic Espresso Machine Matte Black|5KES8454ABM|KF4 Fully Automatic Espresso Machine|MATTE BLACK|1599.00|1449.00|name||https://kitchenaid.com.au/products/kes8454-fully-auto-espresso-machine-kf4
KF4 Fully Automatic Espresso Machine Porcelain|5KES8454APL|KF4 Fully Automatic Espresso Machine|PORCELAIN|1599.00|1449.00|name||https://kitchenaid.com.au/products/kes8454-fully-auto-espresso-machine-kf4
KF7 Fully Automatic Espresso Machine with Milk Container Cast Iron|5KES8557ABK|KF7 Fully Automatic Espresso Machine|Cast Iron Black|2199.00|1899.00|name||https://kitchenaid.com.au/products/kes8557-fully-auto-espresso-machine-kf7
KF8 Fully Automatic Espresso Machine|5KES8558APL|KF8 Fully Automatic Espresso Machine|Porcelain|2599.00|2299.00|name|Colour not stated; all KF8 colours RRP $2,599|https://kitchenaid.com.au/products/kes8558-fully-auto-espresso-machine-kf8
KSB2072ABM - K200 Pure Power Blender Black Matte|5KSB2072ABM|Pure Power Blender with Plastic Jar|Black Matte|199.00|199.00|sku||https://kitchenaid.com.au/products/ksb2072-pure-power-blender
KSM156 - Artisan Tilt-Head Stand Mixer with Wildflower Ceramic Bowl|5KSM156CXAWF|Artisan Tilt-Head Stand Mixer with Wildflower Ceramic Bowl KSM156||899.00|699.00|name||https://kitchenaid.com.au/products/ksm156-th-mixer-wildflower-ceramic-bowl
KSMPRA - PASTA ROLLER ATTACHMENT - 3PC|KSMPRA|3-Piece Pasta Roller and Cutter Attachment KSMPRA||299.00|194.00|sku||https://kitchenaid.com.au/products/3-piece-pasta-roller-and-cutter-attachment-ksmpra
KitchenAid Bean Hopper with Storage Lid|KESRBHF|Fully Auto Bean Hopper with Lid||59.00|59.00|name|No RRP shown; current price used|https://kitchenaid.com.au/products/fully-auto-bean-hopper-with-lid
ARTISAN®TILT-HEAD STAND MIXER MATTE BLACK|5KSM192XDABM|Artisan Tilt-Head Stand Mixer KSM192|Black Matte|849.00|599.00|estimated|Model not stated; KSM192 ($849) used, lower than KSM195 ($999)|https://kitchenaid.com.au/products/
